Workbook

Sheet STOCK
A1: NO | B1: KDTK | C1: NAMA | D1: STOK
A2: 1 | B2: FW28 | C2: NGURAH RAI_KELUNGKUNG | D2: 435127899
A3: =A2+1 -> 2 | B3: T6Q3 | C3: PC.PC.BY PASS NGURAH RAI KUTA BDG | D3: 751036373
A4: =A3+1 -> 3 | B4: TLA3 | C4: PC.PC.NEGARA 2 - JEMBRANA | D4: 784020993
A5: =A4+1 -> 4 | B5: T301 | C5: PC.PC.DEWI SRI 18 - BADUNG | D5: 580786353
A6: =A5+1 -> 5 | B6: TQ45 | C6: PC.PC.MUNGGU - BADUNG | D6: 764297741
A7: =A6+1 -> 6 | B7: TA6A | C7: PC.PC.TANDEG – BADUNG | D7: 787257760
A8: =A7+1 -> 7 | B8: TD99 | C8: PC.PC.GATSU BARAT - DENPASAR | D8: 693435433
A9: =A8+1 -> 8 | B9: TKV3 | C9: PC.PC.PECATU - BADUNG | D9: 762285846
A10: =A9+1 -> 9 | B10: TRGI | C10: BAJERA - TABANAN | D10: 751479256
A11: =A10+1 -> 10 | B11: TA8H | C11: PC.PC.PECATU INDAH - BADUNG | D11: 762301695
A12: =A11+1 -> 11 | B12: TNAF | C12: PC.PC.RAYA PADONAN 25 - BADUNG | D12: 744960541
A13: =A12+1 -> 12 | B13: T1MN | C13: PC.PC.MENGWITANI - BADUNG | D13: 736426820
A14: =A13+1 -> 13 | B14: TCIT | C14: PC.PC.DALUNG - BADUNG | D14: 746247308
... A42: =A41+1 -> 41 | B42: T8LJ | C42: PC.PC.DANAU TAMBLINGAN - DENPASAR | D42: 637014936
A43: =A42+1 -> 42 | B43: TZEM | C43: PC.PC.DHARMAWANGSA 64 - BADUNG | D43: #N/A
A44: =A43+1 -> 43 | B44: TQW4 | C44: PC.GUNUNG RINJANI NO.3 DPS | D44: 649585976
A45: =A44+1 -> 44 | B45: TL9C | C45: PC.PC.CANDIDASA - KARANGASEM | D45: 621126188
A46: =A45+1 -> 45 | B46: TCK4 | C46: YCG.SADING - BADUNG | D46: 679352320
A47: =A46+1 -> 46 | B47: TF66 | C47: PC.PC.UBUD - GIANYAR | D47: 587152186
A48: =A47+1 -> 47 | B48: F0VA | C48: TULAMBEN - KARANGASEM | D48: 642596960
A49: =A48+1 -> 48 | B49: TENE | C49: PC.PC.TUKAD BATANGHARI - DENPASAR | D49: 581701384
A50: =A49+1 -> 49 | B50: T8P8 | C50: PC.PC.SERIRIT - SINGARAJA | D50: 627597226
A51: =A50+1 -> 50 | B51: T8BU | C51: FRESH CARGO PERMAI - DENPASAR | D51: 605746954
A52: =A51+1 -> 51 | B52: TR0F | C52: PC.YEH MALET - KARANGASEM | D52: 576217617
A53: =A52+1 -> 52 | B53: FUZ6 | C53: PULAU MENJANGAN - TABANAN | D53: 554753133
A54: =A53+1 -> 53 | B54: FAH8 | C54: PC.PC.RAYA PUNCAK MANGGU - BDG | D54: 652843769
A55: =A54+1 -> 54 | B55: TZDG | C55: PC.KEBO IWA UTARA NO. 2 - DPS | D55: 560229702
... A147: =A146+1 -> 146 | B147: TQCW | C147: PC.BR SAYAN BALERAN - BADUNG | D147: 528043546
A148: =A147+1 -> 147 | B148: TSAP | C148: BONDALEM - SINGARAJA | D148: #N/A
A149: =A148+1 -> 148 | B149: FUDU | C149: BANYUATIS - SINGARAJA | D149: 555818608
A150: =A149+1 -> 149 | B150: FJZX | C150: PC.ABIMAYU_TABANAN | D150: 511722392
A151: =A150+1 -> 150 | B151: TVCI | C151: YCG.KALIBUKBUK - SINGARAJA | D151: 560202175
A152: =A151+1 -> 151 | B152: TQBJ | C152: PC.PC.TOHPATI KESIMAN - DENPASAR | D152: 555634072
A153: =A152+1 -> 152 | B153: TDVX | C153: KEDONGANAN - BADUNG | D153: 527096011
A154: =A153+1 -> 153 | B154: FJHJ | C154: NGURAH RAI - BADUNG | D154: 572574132
A155: =A154+1 -> 154 | B155: TVZL | C155: SUNSET ROAD 37 - BADUNG | D155: 557781184
A156: =A155+1 -> 155 | B156: F8I6 | C156: BATURITI - TABANAN | D156: 562665829
A157: =A156+1 -> 156 | B157: TIHR | C157: NAKULA - BADUNG | D157: 493424736
A158: =A157+1 -> 157 | B158: T69T | C158: PEMARON MUNGGU - BADUNG | D158: 449748424
A159: =A158+1 -> 158 | B159: FHO2 | C159: RAYA BELANTIH_BANGLI | D159: 583624164
A160: =A159+1 -> 159 | B160: TQ2I | C160: PC.CARGO PERMAI 42 - DENPASAR | D160: 533704721
... A431: =A430+1 -> 430 | B431: FTSN | C431: BLAHKIUH 2 - BADUNG | D431: 506612244
A432: =A431+1 -> 431 | B432: TERZ | C432: CELUKAN BAWANG - SINGARAJA | D432: #N/A
A433: =A432+1 -> 432 | B433: T96Q | C433: SEROJA - DENPASAR | D433: 418869991
A434: =A433+1 -> 433 | B434: TI66 | C434: BY PASS DARMAGIRI 2 - GIANYAR | D434: 431370432
A435: =A434+1 -> 434 | B435: TJHO | C435: YCG.ANYELIR - TABANAN | D435: 423592202
A436: =A435+1 -> 435 | B436: T1AL | C436: PADANG LUWIH - BADUNG | D436: 431832358
A437: =A436+1 -> 436 | B437: FHUN | C437: MELILING - TABANAN | D437: 424464663
A438: =A437+1 -> 437 | B438: TJOJ | C438: TUKAD BADUNG - DENPASAR | D438: 464854209
A439: =A438+1 -> 438 | B439: FPBP | C439: PUDAK - GIANYAR | D439: 407337078
A440: =A439+1 -> 439 | B440: TRUW | C440: BATU KARU 76 - TABANAN | D440: 430388467
A441: =A440+1 -> 440 | B441: TAIT | C441: YCG.DARMAWANGSA 102 - BADUNG | D441: 431522735
A442: =A441+1 -> 441 | B442: FEVA | C442: GOA GAJAH - GIANYAR | D442: 384008296
A443: =A442+1 -> 442 | B443: TO7K | C443: SUNSET ROAD 767 | D443: 467814358
A444: =A443+1 -> 443 | B444: T1FF | C444: CIUNGWANARA - BADUNG | D444: 437388906
... A478: =A477+1 -> 477 | B478: FMRO | C478: SMKI NO.46 GIANYAR | D478: 421809650
A479: =A478+1 -> 478 | B479: FXXU | C479: TEUKU UMAR 19 - DENPASAR | D479: #N/A
A480: =A479+1 -> 479 | B480: TRI3 | C480: WR. SUPRATMAN 246 - DENPASAR | D480: 404861080
A481: =A480+1 -> 480 | B481: F8YX | C481: SESETAN NO .239 DPS | D481: 424461364
A482: =A481+1 -> 481 | B482: TJBM | C482: KARTINI - DENPASAR | D482: 445542243
A483: =A482+1 -> 482 | B483: TAUZ | C483: BAKUNG SARI - BADUNG | D483: 413180437
A484: =A483+1 -> 483 | B484: F9JZ | C484: GLOGOR CARIK - DENPASAR | D484: 401185504
A485: =A484+1 -> 484 | B485: TCLF | C485: RAYA SESETAN - DENPASAR | D485: 407166009
A486: =A485+1 -> 485 | B486: TC7G | C486: BUANA RAYA NO 07-DPS | D486: 452517709
A487: =A486+1 -> 486 | B487: FH20 | C487: KEMBANG MATAHARI - DENPASAR | D487: 405410896
A488: =A487+1 -> 487 | B488: FIXC | C488: RAYA NENAS - KSM | D488: 392074626
A489: =A488+1 -> 488 | B489: TLA8 | C489: MAWAR 2 - TABANAN | D489: 449499938
A490: =A489+1 -> 489 | B490: TTTQ | C490: GOA GONG JIMBARAN - BADUNG | D490: 399962003
A491: =A490+1 -> 490 | B491: T6L1 | C491: ASEMAN - BADUNG | D491: 477502087
... A683: =A682+1 -> 682 | B683: TN5R | C683: RAYA TUBAN - BADUNG | D683: 349220690
A684: =A683+1 -> 683 | B684: TRQQ | C684: PELIATAN - GIANYAR | D684: #N/A
A685: =A684+1 -> 684 | B685: FWDT | C685: BEDUGUL NO.11_DPS | D685: 366246770
A686: =A685+1 -> 685 | B686: T4AL | C686: PULAU SAELUS - DENPASAR | D686: 374166208
A687: =A686+1 -> 686 | B687: TZWC | C687: PULAU MOYO NO 50 - DENPASAR | D687: 353378740
A688: =A687+1 -> 687 | B688: F1NI | C688: GUNUNG BATUKARU - DENPASAR | D688: 364534825
A689: =A688+1 -> 688 | B689: FLYD | C689: SPBU SANUR - DENPASAR | D689: 350934513
A690: =A689+1 -> 689 | B690: FTZZ | C690: TUKAD PETANU - DENPASAR | D690: 370610064
A691: =A690+1 -> 690 | B691: FE1Z | C691: TANTULAR_DPS | D691: 353272784
A692: =A691+1 -> 691 | B692: FYOZ | C692: SPBU SANJIWANI - TABANAN | D692: 337559122
A693: =A692+1 -> 692 | B693: TU6Y | C693: KENYERI NO. 53A - DENPASAR | D693: 385789660
A694: =A693+1 -> 693 | B694: F01O | C694: SILIGITA - BADUNG | D694: 346801712
A695: =A694+1 -> 694 | B695: T8TZ | C695: YCG.WERDHI BHUANA - BADUNG | D695: 345420171
A696: =A695+1 -> 695 | B696: TORG | C696: PEJENG TENGAH - GIANYAR | D696: 351783720
... A741: =A740+1 -> 740 | B741: TR2V | C741: TUKAD PUNGGAWA - DPS | D741: 401877584
A742: =A741+1 -> 741 | B742: TZI3 | C742: BEDAHULU NO.3-DENPASAR | D742: 670903514 | E742: 15-8-2026
A743: =A742+1 -> 742 | B743: TO6M | C743: NANGKA UTARA NO.280 DPS | E743: 20-8-2026
A744: =A743+1 -> 743 | B744: FSQV | C744: RAYA GAJAH MADA_SRA | E744: 21-8-2026
A745: =A744+1 -> 744 | B745: TPEI | C745: RAYA SEMAT KM 1_BDG | E745: 22-8-2026
A746: =A745+1 -> 745 | B746: FMW9 | C746: RAYA PANTAI KEDUNGU_TBN | E746: 22-8-2026
A747: =A746+1 -> 746 | B747: FXHX | C747: GILIMANUK SINGARAJA PEMUTERAN | E747: 29-8-2026

Sheet ALL TOKO (2)
A1: senin | B1: selasa | C1: rabu | E1: jumat
A2: NO | B2: kdtk | C2: nama | D2: sal | E2: will | G2: JUL,AGST,SEPT'26 | H2: SO MEI | I2: SO JUNI | J2: SO JULI | K2: SO AGUSTUS | L2: ket | O2: ZONA | U2: 8 | V2: 4 | W2: =V2*12 -> 48 | X2: 26 | Y2: =W2+X2 -> 74
A4: 1 | B4: TDVX | C4: KEDONGANAN - BADUNG | D4: 546017415 | E4: Kedonganan | F4: BADUNG | G4: M | J4: 46207 | K4: =IFERROR(VLOOKUP(B4,#REF!,4,0),"") | L4: angga | M4: STANDART NEW
A5: =1+A4 -> 2 | B5: TN5R | C5: RAYA TUBAN - BADUNG | D5: 357697562 | E5: Tuban | F5: BADUNG | G5: M | H5: 46151 | J5: 46226 | K5: =IFERROR(VLOOKUP(B5,#REF!,4,0),"") | L5: angga | M5: STANDART
A6: =1+A5 -> 3 | B6: TQWG | C6: PC.PC.RAYA TUKAD BADUNG_DPS | D6: 526281234 | E6: Renon | F6: DENPASAR | G6: M | H6: 46167 | K6: =IFERROR(VLOOKUP(B6,#REF!,4,0),"") | L6: pasek | M6: STANDART NEW
A7: =1+A6 -> 4 | B7: TQ2I | C7: PC.CARGO PERMAI 42 - DENPASAR | D7: 552838404 | E7: Ubung | F7: DENPASAR | G7: M | I7: 46179 | K7: =IFERROR(VLOOKUP(B7,#REF!,4,0),"") | L7: pasek | M7: STANDART NEW
A8: =1+A7 -> 5 | B8: FM0K | C8: PC.PC.TIRTA_GIANYAR | D8: 499466205 | E8: Tampaksiring | F8: GIANYAR | G8: Q2 | H8: 46144 | K8: =IFERROR(VLOOKUP(B8,#REF!,4,0),"") | L8: ardian | M8: STANDART NEW
A9: =1+A8 -> 6 | B9: TCK8 | C9: PC.PC.AHMAD YANI - TABANAN | D9: 532214445 | E9: Abian Tuwung | F9: TABANAN | G9: Q2 | H9: 46144 | K9: =IFERROR(VLOOKUP(B9,#REF!,4,0),"") | L9: odi | M9: STANDART NEW
A10: =1+A9 -> 7 | B10: F01U | C10: SUKAWATI - GIANYAR | D10: 565994605 | E10: Sukawati | F10: GIANYAR | G10: Q2 | H10: 46146 | K10: =IFERROR(VLOOKUP(B10,#REF!,4,0),"") | L10: ardian | M10: STANDART
A11: =1+A10 -> 8 | B11: T3AA | C11: TAMPAKSIRING - GIANYAR | D11: 609431063 | E11: Tampaksiring | F11: GIANYAR | G11: Q2 | H11: 46147 | K11: =IFERROR(VLOOKUP(B11,#REF!,4,0),"") | L11: ardian | M11: STANDART NEW
A12: =1+A11 -> 9 | B12: TIAI | C12: PC.ABIANTUWUNG - TBN | D12: 462987147 | E12: Abian Tuwung | F12: TABANAN | G12: Q2 | H12: 46147 | K12: =IFERROR(VLOOKUP(B12,#REF!,4,0),"") | L12: odi | M12: STANDART NEW
A13: =1+A12 -> 10 | B13: FTSN | C13: BLAHKIUH 2 - BADUNG | D13: 489442598 | E13: Blahkiuh | F13: BADUNG | G13: Q2 | H13: 46147 | K13: =IFERROR(VLOOKUP(B13,#REF!,4,0),"") | L13: abdul | M13: STANDART NEW
A14: =1+A13 -> 11 | B14: FG68 | C14: WARIBANG - DPS | D14: 431072320 | E14: Kesiman Petilan | F14: DENPASAR | G14: M | J14: 46210 | K14: =IFERROR(VLOOKUP(B14,#REF!,4,0),"") | L14: bujanga | M14: STANDART
A15: =1+A14 -> 12 | B15: FFD8 | C15: DARMAWANGSA - BADUNG | D15: 489730647 | E15: Benoa | F15: BADUNG | G15: M | H15: 46147 | K15: =IFERROR(VLOOKUP(B15,#REF!,4,0),"") | L15: angga | M15: STANDART
A16: =1+A15 -> 13 | B16: TRI3 | C16: WR. SUPRATMAN 246 - DENPASAR | D16: 400268306 | E16: Kesiman Kertalangu | F16: DENPASAR | G16: M | H16: 46148 | K16: =IFERROR(VLOOKUP(B16,#REF!,4,0),"") | L16: pasek | M16: STANDART
A17: =1+A16 -> 14 | B17: TQ0B | C17: PC.PC.SUNSET ROAD - BADUNG | D17: 464953469 | E17: Legian | F17: BADUNG | G17: M | H17: 46157 | K17: =IFERROR(VLOOKUP(B17,#REF!,4,0),"") | L17: angga | M17: STANDART NEW
A18: =1+A17 -> 15 | B18: THAK | C18: MERDEKA - BANGLI | D18: 351189060 | E18: Bebalang | F18: BANGLI | G18: M | H18: 46160 | I18: 46181 | K18: =IFERROR(VLOOKUP(B18,#REF!,4,0),"") | L18: ardian | M18: STANDART
A19: =1+A18 -> 16 | B19: TEUM | C19: TAMAN BALI - BANGLI | D19: 380643572 | E19: Taman Bali | F19: BANGLI | G19: M | H19: 46160 | K19: =IFERROR(VLOOKUP(B19,#REF!,4,0),"") | L19: ardian | M19: STANDART
A20: =1+A19 -> 17 | B20: T29Q | C20: UNTUNG SUROPATI - SINGARAJA | D20: 526837154 | E20: Banyuning | F20: BULELENG | G20: M | H20: 46170 | I20: 46195 | K20: =IFERROR(VLOOKUP(B20,#REF!,4,0),"") | L20: bisma | M20: STANDART
A21: =1+A20 -> 18 | B21: F9BL | C21: BELIMBING RICE TERRACE TBN | D21: 472744131 | E21: Belimbing | F21: TABANAN | G21: M | H21: 46170 | K21: =IFERROR(VLOOKUP(B21,#REF!,4,0),"") | L21: odi | M21: STANDART NEW
A22: =1+A21 -> 19 | B22: TCUW | C22: MATARAM 2 - BADUNG | D22: 408323810 | E22: Kuta | F22: BADUNG | G22: M | H22: 46172 | K22: =IFERROR(VLOOKUP(B22,#REF!,4,0),"") | L22: angga | M22: STANDART
A23: =1+A22 -> 20 | B23: F6CV | C23: TUKAD IRAWADI NO 47 - DENPASAR | D23: 413754601 | E23: Sesetan | F23: DENPASAR | G23: M | I23: 46193 | K23: =IFERROR(VLOOKUP(B23,#REF!,4,0),"") | L23: pasek | M23: STANDART
A24: =1+A23 -> 21 | B24: FSWE | C24: RAYA TUMBAK BAYUH NO 105 - BADUNG | D24: 421629154 | E24: Tumbak Bayuh | F24: Badung | G24: M | I24: 46203 | K24: =IFERROR(VLOOKUP(B24,#REF!,4,0),"") | L24: abdul | M24: STANDART NEW
A25: =1+A24 -> 22 | B25: FR0E | C25: PADANG KERTA - KARANGASEM | D25: 535662073 | E25: PADANG KERTA | F25: KARANGASEM | G25: M | I25: 46202 | K25: =IFERROR(VLOOKUP(B25,#REF!,4,0),"") | L25: ardian | M25: STANDART NEW
A26: =1+A25 -> 23 | B26: F8CO | C26: GADUNG NO.69 DPS | D26: 373504193 | E26: Sumerta Kauh | F26: DENPASAR | G26: Q2 | H26: 46146 | K26: =IFERROR(VLOOKUP(B26,#REF!,4,0),"") | L26: pasek | M26: STANDART
A27: =1+A26 -> 24 | B27: FATM | C27: ANTAP - TABANAN | D27: 430561213 | E27: Antap | F27: TABANAN | G27: Q2 | H27: 46146 | K27: =IFERROR(VLOOKUP(B27,#REF!,4,0),"") | L27: odi | M27: STANDART
A28: =1+A27 -> 25 | B28: TQ5Q | C28: MEGATI - TABANAN | D28: 384948454 | E28: Megati | F28: TABANAN | G28: Q2 | H28: 46146 | K28: =IFERROR(VLOOKUP(B28,#REF!,4,0),"") | L28: odi | M28: STANDART
A29: =1+A28 -> 26 | B29: TQ76 | C29: AHMAD YANI - SINGARAJA | D29: 450211437 | E29: Kaliuntu | F29: BULELENG | G29: Q2 | H29: 46147 | K29: =IFERROR(VLOOKUP(B29,#REF!,4,0),"") | L29: bisma | M29: STANDART | N29: renove FC (1=14 agt)
A30: =1+A29 -> 27 | B30: TTVV | C30: STP DARMAWANGSA - BADUNG | D30: 442867018 | E30: Benoa | F30: BADUNG | G30: Q2 | H30: 46147 | K30: =IFERROR(VLOOKUP(B30,#REF!,4,0),"") | L30: angga | M30: STANDART
A31: =1+A30 -> 28 | B31: TNHH | C31: TRENGGULI - DENPASAR | D31: 417581219 | E31: Penatih | F31: DENPASAR | G31: Q2 | H31: 46148 | K31: =IFERROR(VLOOKUP(B31,#REF!,4,0),"") | L31: pasek | M31: STANDART
A32: =1+A31 -> 29 | B32: FFYJ | C32: TUKAD PAKERISAN NO.56 _ DPS | D32: 374795313 | E32: Panjer | F32: DENPASAR | G32: Q2 | H32: 46153 | K32: =IFERROR(VLOOKUP(B32,#REF!,4,0),"") | L32: pasek | M32: STANDART
A33: =1+A32 -> 30 | B33: FVDH | C33: AMED VIEW - KARANGASEM | D33: 403241291 | E33: Purwakerti | F33: KARANGASEM | G33: M | K33: =IFERROR(VLOOKUP(B33,#REF!,4,0),"") | L33: ardian | M33: STANDART | N33: TOKO BARU
A34: =1+A33 -> 31 | B34: FKCM | C34: NOJA NO.124_DPS | D34: 444031401 | E34: Kesiman Petilan | F34: DENPASAR | G34: M | J34: 46210 | K34: =IFERROR(VLOOKUP(B34,#REF!,4,0),"") | L34: bujanga | M34: STANDART
A35: =1+A34 -> 32 | B35: FP58 | C35: KEBO IWA - GYR | D35: 367807652 | E35: Blahbatuh | F35: GIANYAR | G35: M | H35: 46168 | J35: 46213 | K35: =IFERROR(VLOOKUP(B35,#REF!,4,0),"") | L35: ardian | M35: STANDART
A36: =1+A35 -> 33 | B36: FORY | C36: TUMBAK BAYUH - BADUNG | D36: 534356805 | E36: Mengwi | F36: BADUNG | G36: M | H36: 46155 | K36: =IFERROR(VLOOKUP(B36,#REF!,4,0),"") | L36: abdul | M36: STANDART
A37: =1+A36 -> 34 | B37: FCCF | C37: PEREAN TENGAH - TABANAN | D37: 440614383 | E37: Perean Tengah | F37: TABANAN | G37: M | I37: 46175 | K37: =IFERROR(VLOOKUP(B37,#REF!,4,0),"") | L37: odi | M37: STANDART
A38: =1+A37 -> 35 | B38: FYOK | C38: WISNU MARGA - TABANAN | D38: 512495496 | E38: Marga | F38: TABANAN | G38: Q2 | H38: 46146 | K38: =IFERROR(VLOOKUP(B38,#REF!,4,0),"") | L38: odi | M38: STANDART
A39: =1+A38 -> 36 | B39: F2MD | C39: HAYAM WURUK NO.185 - DPS | D39: 381062612 | E39: Sumerta Kelod | F39: DENPASAR | G39: Q2 | H39: 46146 | K39: =IFERROR(VLOOKUP(B39,#REF!,4,0),"") | L39: pasek | M39: STANDART
A40: =1+A39 -> 37 | B40: FW28 | C40: NGURAH RAI_KELUNGKUNG | D40: 420453125 | E40: Semarapura Kaja | F40: KLUNGKUNG | G40: Q2 | H40: 46146 | K40: =IFERROR(VLOOKUP(B40,#REF!,4,0),"") | L40: ardian | M40: STANDART
A41: =1+A40 -> 38 | B41: T1M0 | C41: YCG.RATNA NO.20 DPS | D41: 428594425 | E41: Sumerta Kauh | F41: DENPASAR | G41: Q2 | H41: 46146 | K41: =IFERROR(VLOOKUP(B41,#REF!,4,0),"") | L41: pasek | M41: STANDART NEW
A42: =1+A41 -> 39 | B42: FMHN | C42: RAYA MARGA APUAN_TBN | D42: 440361546 | E42: Marga Dajan Puri | F42: TABANAN | G42: Q2 | H42: 46146 | K42: =IFERROR(VLOOKUP(B42,#REF!,4,0),"") | L42: odi | M42: STANDART
A43: =1+A42 -> 40 | B43: F5LI | C43: BANJARANGKAN - KLUNGKUNG | D43: 410344946 | E43: Banjarangkan | F43: KLUNGKUNG | G43: Q2 | H43: 46146 | K43: =IFERROR(VLOOKUP(B43,#REF!,4,0),"") | L43: ardian | M43: STANDART
A44: =1+A43 -> 41 | B44: TZQQ | C44: GUNUNG AGUNG - DENPASAR | D44: 380922199 | E44: Padang Sambian | F44: DENPASAR | G44: Q2 | H44: 46147 | K44: =IFERROR(VLOOKUP(B44,#REF!,4,0),"") | L44: pasek | M44: STANDART
A45: =1+A44 -> 42 | B45: FOKP | C45: TANGGAYUDHA-BDG | D45: 517472257 | E45: Bongkasa | F45: BADUNG | G45: Q2 | H45: 46147 | K45: =IFERROR(VLOOKUP(B45,#REF!,4,0),"") | L45: abdul | M45: STANDART
A46: =1+A45 -> 43 | B46: T11Q | C46: ANDAKASA - DENPASAR | D46: 461232315 | E46: Padang Sambian | F46: DENPASAR | G46: Q2 | H46: 46148 | K46: =IFERROR(VLOOKUP(B46,#REF!,4,0),"") | L46: pasek | M46: STANDART
A47: =1+A46 -> 44 | B47: TT40 | C47: UNGASAN - BADUNG | D47: 367336865 | E47: Jimbaran | F47: BADUNG | G47: Q2 | H47: 46148 | K47: =IFERROR(VLOOKUP(B47,#REF!,4,0),"") | L47: angga | M47: STANDART
A48: =1+A47 -> 45 | B48: TAGI | C48: PC.PC.RAYA ULUWATU - BADUNG | D48: 531657698 | E48: Ungasan | F48: BADUNG | G48: Q2 | H48: 46151 | K48: =IFERROR(VLOOKUP(B48,#REF!,4,0),"") | L48: angga | M48: STANDART NEW | O48: 7
A49: =1+A48 -> 46 | B49: TQCY | C49: PANTAI SABA - GIANYAR | D49: 391197391 | E49: Blahbatuh | F49: GIANYAR | G49: Q2 | H49: 46153 | K49: =IFERROR(VLOOKUP(B49,#REF!,4,0),"") | L49: ardian | M49: STANDART
A50: =1+A49 -> 47 | B50: TA4A | C50: BUBUNAN - SINGARAJA | D50: 399049103 | E50: Seririt | F50: BULELENG | G50: Q2 | H50: 46157 | K50: =IFERROR(VLOOKUP(B50,#REF!,4,0),"") | L50: bisma | M50: STANDART
A51: =1+A50 -> 48 | B51: TQ88 | C51: BANJAR - SINGARAJA | D51: 378088447 | E51: Banjar | F51: BULELENG | G51: Q2 | H51: 46157 | K51: =IFERROR(VLOOKUP(B51,#REF!,4,0),"") | L51: bisma | M51: STANDART
A52: =1+A51 -> 49 | B52: FROK | C52: BLAHKIUH - BADUNG | D52: 494038219 | E52: Blahkiuh | F52: BADUNG | G52: Q2 | H52: 46164 | I52: 46178 | K52: =IFERROR(VLOOKUP(B52,#REF!,4,0),"") | L52: abdul | M52: STANDART
A53: =1+A52 -> 50 | B53: T8LJ | C53: PC.PC.DANAU TAMBLINGAN - DENPASAR | D53: 660085738 | E53: Sanur | F53: DENPASAR | G53: M | J53: 46205 | K53: =IFERROR(VLOOKUP(B53,#REF!,4,0),"") | L53: pasek | M53: FRESH
A54: =1+A53 -> 51 | B54: FT5N | C54: PATIMURA - DENPASAR | D54: 404143984 | E54: Dangin Puri Kangin | F54: DENPASAR | G54: M | H54: 46155 | J54: 46212 | K54: =IFERROR(VLOOKUP(B54,#REF!,4,0),"") | L54: bujanga | M54: STANDART
A55: =1+A54 -> 52 | B55: F3QQ | C55: PULAU TARAKAN - DENPASAR | D55: 370188281 | E55: Dauh Puri Kelod | F55: DENPASAR | G55: M | H55: 46167 | I55: 46192 | J55: 46212 | K55: =IFERROR(VLOOKUP(B55,#REF!,4,0),"") | L55: bujanga | M55: STANDART | O55: HITAM | Q55: HITAM
A56: =1+A55 -> 53 | B56: FA5A | C56: SUDIMARA - TABANAN | D56: 451786522 | E56: Sudimara | F56: TABANAN | G56: M | H56: 46160 | I56: 46191 | J56: 46230 | K56: =IFERROR(VLOOKUP(B56,#REF!,4,0),"") | L56: odi | M56: STANDART | O56: HITAM | Q56: HITAM
A57: =1+A56 -> 54 | B57: TE6V | C57: BADAK AGUNG - DENPASAR | D57: 418222894 | E57: Sumerta Kelod | F57: DENPASAR | G57: M | H57: 46167 | I57: 46198 | J57: 46231 | K57: =IFERROR(VLOOKUP(B57,#REF!,4,0),"") | L57: pasek | M57: STANDART | O57: HITAM | Q57: HITAM
A58: =1+A57 -> 55 | B58: TGQ0 | C58: UNGASAN 2 - BADUNG | D58: 504716555 | E58: Ungasan | F58: BADUNG | G58: M | H58: 46146 | K58: =IFERROR(VLOOKUP(B58,#REF!,4,0),"") | L58: angga | M58: STANDART
A59: =1+A58 -> 56 | B59: TTTQ | C59: GOA GONG JIMBARAN - BADUNG | D59: 412104051 | E59: Jimbaran | F59: BADUNG | G59: M | H59: 46147 | K59: =IFERROR(VLOOKUP(B59,#REF!,4,0),"") | L59: angga | M59: STANDART
A60: =1+A59 -> 57 | B60: TQ74 | C60: KEROBOKAN KAJA - BADUNG | D60: 441236642 | E60: Kerobokan Kaja | F60: BADUNG | G60: M | H60: 46161 | K60: =IFERROR(VLOOKUP(B60,#REF!,4,0),"") | L60: abdul | M60: STANDART
A61: =1+A60 -> 58 | B61: FP76 | C61: A YANI 2 - KARANGASEM | D61: 492652680 | E61: Karangasem | F61: KARANGASEM | G61: M | H61: 46172 | K61: =IFERROR(VLOOKUP(B61,#REF!,4,0),"") | L61: ardian | M61: STANDART
A62: =1+A61 -> 59 | B62: F2QU | C62: DIPONEGORO - TABANAN | D62: 396258298 | E62: Dajan Peken | F62: TABANAN | G62: M | I62: 46182 | K62: =IFERROR(VLOOKUP(B62,#REF!,4,0),"") | L62: odi | M62: STANDART
A63: =1+A62 -> 60 | B63: FETS | C63: SPBU ULUWATU - BADUNG | D63: 395947259 | E63: Jimbaran | F63: BADUNG | G63: Q2 | H63: 46147 | K63: =IFERROR(VLOOKUP(B63,#REF!,4,0),"") | L63: angga | M63: STANDART
A64: =1+A63 -> 61 | B64: TSMS | C64: KUWUM - BADUNG | D64: 399633965 | E64: Sembung | F64: BADUNG | G64: Q2 | H64: 46153 | K64: =IFERROR(VLOOKUP(B64,#REF!,4,0),"") | L64: abdul | M64: STANDART
A65: =1+A64 -> 62 | B65: F3W7 | C65: SPBU SAYAN BALERAN - BADUNG | D65: 477982009 | E65: Werdhi Buana | F65: BADUNG | G65: Q2 | H65: 46157 | K65: =IFERROR(VLOOKUP(B65,#REF!,4,0),"") | L65: odi | M65: STANDART
A66: =1+A65 -> 63 | B66: TIWC | C66: YCG.AMBENGAN - SINGARAJA | D66: 482227938 | E66: Ambengan | F66: BULELENG | G66: Q2 | H66: 46164 | I66: 46182 | K66: =IFERROR(VLOOKUP(B66,#REF!,4,0),"") | L66: bisma | M66: STANDART NEW
A67: =1+A66 -> 64 | B67: FZ2I | C67: TIANYAR BARAT - KARANGASEM | D67: 385687796 | E67: Tianyar Barat | F67: Karangasem | G67: M | K67: =IFERROR(VLOOKUP(B67,#REF!,4,0),"") | L67: ardian | M67: STANDART | N67: BUKA 31 JULI
A68: =1+A67 -> 65 | B68: TLBL | C68: CEMAGI - BADUNG | D68: 434610705 | E68: Cemagi | F68: BADUNG | G68: M | H68: 46158 | I68: 46179 | J68: 46205 | K68: =IFERROR(VLOOKUP(B68,#REF!,4,0),"") | L68: abdul | M68: STANDART | O68: HITAM | Q68: HITAM
A69: =1+A68 -> 66 | B69: FZD9 | C69: BENGKALA SRA | D69: 394819751 | E69: Bengkala | F69: BULELENG | G69: M | H69: 46162 | I69: 46200 | J69: 46212 | K69: =IFERROR(VLOOKUP(B69,#REF!,4,0),"") | L69: bisma | M69: STANDART
A70: =1+A69 -> 67 | B70: FT9V | C70: BATUKARU_TBN | D70: 348965490 | E70: Denbantas | F70: TABANAN | G70: M | I70: 46176 | J70: 46212 | K70: =IFERROR(VLOOKUP(B70,#REF!,4,0),"") | L70: odi | M70: STANDART
A71: =1+A70 -> 68 | B71: FE7O | C71: PALAPA NO 55 - DENPASAR | D71: 456463624 | E71: Sesetan | F71: DENPASAR | G71: M | H71: 46153 | I71: 46191 | J71: 46220 | K71: =IFERROR(VLOOKUP(B71,#REF!,4,0),"") | L71: pasek | M71: STANDART | O71: HITAM | Q71: HITAM
A72: =1+A71 -> 69 | B72: F2G2 | C72: GUNUNG SANGHYANG 227 BADUNG | D72: 408283376 | E72: Kerobokan Kaja | F72: BADUNG | G72: M | H72: 46158 | I72: 46188 | J72: 46224 | K72: =IFERROR(VLOOKUP(B72,#REF!,4,0),"") | L72: abdul | M72: STANDART | O72: HITAM | Q72: HITAM
A73: =1+A72 -> 70 | B73: TP2F | C73: GN. SANGHYANG - BADUNG | D73: 401142151 | E73: Kerobokan Kaja | F73: BADUNG | G73: M | J73: 46224 | K73: =IFERROR(VLOOKUP(B73,#REF!,4,0),"") | L73: abdul | M73: STANDART
A74: =1+A73 -> 71 | B74: FCME | C74: RAYA SINGAPADU_GYR | D74: 407382649 | E74: Singapadu | F74: GIANYAR | G74: M | H74: 46158 | I74: 46191 | J74: 46226 | K74: =IFERROR(VLOOKUP(B74,#REF!,4,0),"") | L74: ardian | M74: STANDART | O74: HITAM | Q74: HITAM
A75: =1+A74 -> 72 | B75: F8YX | C75: SESETAN NO .239 DPS | D75: 420036487 | E75: Sesetan | F75: DENPASAR | G75: M | H75: 46168 | I75: 46192 | J75: 46226 | K75: =IFERROR(VLOOKUP(B75,#REF!,4,0),"") | M75: STANDART | O75: HITAM | Q75: HITAM
A76: =1+A75 -> 73 | B76: T10Q | C76: YCG.SESETAN 2 - DENPASAR | D76: 468312903 | E76: Sesetan | F76: DENPASAR | G76: M | H76: 46161 | I76: 46198 | J76: 46227 | K76: =IFERROR(VLOOKUP(B76,#REF!,4,0),"") | M76: STANDART NEW | O76: HITAM | Q76: HITAM
A77: =1+A76 -> 74 | B77: FCZ5 | C77: PUPUAN - TABANAN | D77: 675403432 | E77: Pupuan | F77: TABANAN | G77: M | H77: 46148 | K77: =IFERROR(VLOOKUP(B77,#REF!,4,0),"") | L77: odi | M77: STANDART
A78: =1+A77 -> 75 | B78: TEKA | C78: SRIKANDI - BADUNG | D78: 471351574 | E78: Benoa | F78: BADUNG | G78: M | H78: 46163 | K78: =IFERROR(VLOOKUP(B78,#REF!,4,0),"") | L78: angga | M78: STANDART NEW
A79: =1+A78 -> 76 | B79: FMAE | C79: RAYA PRATAMA - BADUNG | D79: 454711878 | E79: Benoa | F79: BADUNG | G79: M | I79: 46181 | K79: =IFERROR(VLOOKUP(B79,#REF!,4,0),"") | L79: angga | M79: STANDART
A80: =1+A79 -> 77 | B80: TVOF | C80: RAYA SUKAWATI GYR | D80: 406980888 | E80: Sukawati | F80: GIANYAR | G80: M | I80: 46182 | K80: =IFERROR(VLOOKUP(B80,#REF!,4,0),"") | L80: ardian | M80: STANDART
A81: =1+A80 -> 78 | B81: TOOI | C81: RAYA SAKAH - GIANYAR | D81: 373981959 | E81: Sukawati | F81: GIANYAR | G81: Q2 | H81: 46150 | K81: =IFERROR(VLOOKUP(B81,#REF!,4,0),"") | L81: ardian | M81: STANDART
A82: =1+A81 -> 79 | B82: FHWW | C82: KUBUANYAR 2 - BADUNG | D82: 486736930 | E82: Kuta | F82: BADUNG | G82: Q2 | H82: 46154 | K82: =IFERROR(VLOOKUP(B82,#REF!,4,0),"") | L82: angga | M82: STANDART
A83: =1+A82 -> 80 | B83: FLLF | C83: RAYA CELUK - GIANYAR | D83: 335052424 | E83: Singapadu | F83: GIANYAR | G83: Q2 | H83: 46157 | K83: =IFERROR(VLOOKUP(B83,#REF!,4,0),"") | L83: ardian | M83: STANDART
A84: =1+A83 -> 81 | B84: FJXK | C84: BONGAN - TABANAN | D84: 430405250 | E84: Bongan | F84: TABANAN | G84: Q2 | H84: 46157 | K84: =IFERROR(VLOOKUP(B84,#REF!,4,0),"") | L84: odi | M84: STANDART
A85: =1+A84 -> 82 | B85: TMPP | C85: ARJUNA - BADUNG | D85: 259681476 | E85: Seminyak | F85: BADUNG | G85: Q2 | H85: 46162 | K85: =IFERROR(VLOOKUP(B85,#REF!,4,0),"") | L85: angga | M85: NEW CONVINIENCE
A86: =1+A85 -> 83 | B86: T7F6 | C86: DANAU BERATAN NO.17A - DPS | D86: 425950935 | E86: Sanur Kaja | F86: DENPASAR | G86: M | K86: =IFERROR(VLOOKUP(B86,#REF!,4,0),"") | L86: bujanga | M86: STANDART | N86: BUKA 31 JULI
A87: =1+A86 -> 84 | B87: TLEZ | C87: PC.FRESH RAYA GUNUNG SOPUTAN_DPS | D87: 766677425 | E87: Padangsambian Klod | F87: DENPASAR | G87: M | H87: 46164 | I87: 46196 | J87: 46206 | K87: =IFERROR(VLOOKUP(B87,#REF!,4,0),"") | L87: pasek | M87: FRESH | O87: HITAM | Q87: HITAM
A88: =1+A87 -> 85 | B88: FQ18 | C88: CAMPUHAN - GIANYAR | D88: 412368932 | E88: Ubud | F88: GIANYAR | G88: M | H88: 46158 | I88: 46193 | J88: 46209 | K88: =IFERROR(VLOOKUP(B88,#REF!,4,0),"") | L88: ardian | M88: STANDART | O88: HITAM | Q88: HITAM
A89: =1+A88 -> 86 | B89: TQ20 | C89: CANDI KUNING - TABANAN | D89: 404699665 | E89: Baturiti | F89: TABANAN | G89: M | H89: 46149 | I89: 46195 | J89: 46216 | K89: =IFERROR(VLOOKUP(B89,#REF!,4,0),"") | L89: odi | M89: STANDART | O89: HITAM | Q89: HITAM
A90: =1+A89 -> 87 | B90: TAXO | C90: YCG.PACUNG - TABANAN | D90: 472596677 | E90: Baturiti | F90: TABANAN | G90: M | I90: 46195 | J90: 46216 | K90: =IFERROR(VLOOKUP(B90,#REF!,4,0),"") | L90: odi | M90: STANDART NEW
A91: =1+A90 -> 88 | B91: FIUZ | C91: COK AGUNG TRESNA NO.19 DPS | D91: 420957883 | E91: Dangin Puri Klod | F91: DENPASAR | G91: M | H91: 46167 | I91: 46199 | J91: 46223 | K91: =IFERROR(VLOOKUP(B91,#REF!,4,0),"") | L91: bujanga | M91: STANDART | O91: HITAM | Q91: HITAM
A92: =1+A91 -> 89 | B92: TKVL | C92: TAMAN GIRI 9 - BADUNG | D92: 457303706 | E92: Benoa | F92: BADUNG | G92: M | J92: 46224 | K92: =IFERROR(VLOOKUP(B92,#REF!,4,0),"") | L92: angga | M92: STANDART
A93: =1+A92 -> 90 | B93: FU88 | C93: BUANA RAYA 41 - DENPASAR | D93: 420189574 | E93: Padang Sambian | F93: DENPASAR | G93: M | H93: 46161 | I93: 46197 | J93: 46225 | K93: =IFERROR(VLOOKUP(B93,#REF!,4,0),"") | L93: pasek | M93: STANDART | O93: HITAM | Q93: HITAM
A94: =1+A93 -> 91 | B94: TGVY | C94: BY PASS NUSA DUA 4 - BADUNG | D94: 386645752 | E94: Benoa | F94: BADUNG | G94: M | H94: 46163 | I94: 46181 | J94: 46230 | K94: =IFERROR(VLOOKUP(B94,#REF!,4,0),"") | L94: angga | M94: STANDART | O94: HITAM | Q94: HITAM
A95: =1+A94 -> 92 | B95: TRWI | C95: PC.PC.PERERENAN - BADUNG | D95: 636407742 | E95: Pererenan | F95: BADUNG | G95: M | H95: 46154 | K95: =IFERROR(VLOOKUP(B95,#REF!,4,0),"") | L95: abdul | M95: STANDART NEW
A96: =1+A95 -> 93 | B96: TAIT | C96: YCG.DARMAWANGSA 102 - BADUNG | D96: 462863321 | E96: Benoa | F96: BADUNG | G96: M | H96: 46161 | I96: 46179 | K96: =IFERROR(VLOOKUP(B96,#REF!,4,0),"") | L96: angga | M96: STANDART NEW | O96: MERAH 3
A97: =1+A96 -> 94 | B97: T36T | C97: TAMAN GIRI - BADUNG | D97: 389640752 | E97: Benoa | F97: BADUNG | G97: M | H97: 46163 | I97: 46197 | K97: =IFERROR(VLOOKUP(B97,#REF!,4,0),"") | L97: angga | M97: STANDART | O97: MERAH 3
A98: =1+A97 -> 95 | B98: FXV8 | C98: PEJENG - GIANYAR | D98: 554157329 | E98: Pejeng | F98: GIANYAR | G98: Q2 | H98: 46147 | K98: =IFERROR(VLOOKUP(B98,#REF!,4,0),"") | L98: ardian | M98: STANDART
A99: =1+A98 -> 96 | B99: FCRP | C99: KISKINDA - SINGARAJA | D99: 478967584 | E99: Busung Biu | F99: BULELENG | G99: Q2 | H99: 46153 | K99: =IFERROR(VLOOKUP(B99,#REF!,4,0),"") | L99: bisma | M99: STANDART
A100: =1+A99 -> 97 | B100: TLA7 | C100: ANDONG - GIANYAR | D100: 390689222 | E100: Peliatan | F100: GIANYAR | G100: Q2 | H100: 46154 | K100: =IFERROR(VLOOKUP(B100,#REF!,4,0),"") | L100: ardian | M100: STANDART
A101: =1+A100 -> 98 | B101: F1RC | C101: RAYA MUNGGU_BDG | D101: 439183559 | E101: Buduk | F101: BADUNG | G101: M | H101: 46165 | I101: 46190 | J101: 46212 | K101: =IFERROR(VLOOKUP(B101,#REF!,4,0),"") | L101: abdul | M101: STANDART
...

Sheet Sheet1
A1: NO | B1: kdtk | C1: nama | D1: sal | E1: will | G1: JUL,AGST,SEPT'26 | H1: SO MEI | I1: SO JUNI | J1: SO JULI | K1: SO AGUSTUS | L1: ket | O1: ZONA
R2: SEPTEMBER | S2: 26 | T2: hari kerja
R3: TARGET TOKO SO | S3: 433 | T3: =S3/S2 -> 16.653846
A4: 1 | B4: TFOD | C4: PALGUNA NO 101X-GYR | D4: 385779848 | E4: Ketewel | F4: GIANYAR | G4: M | H4: 46146 | J4: 46204 | L4: ardian | M4: STANDART | R4: PERSONIL | S4: 54 | T4: 17 | U4: =S4/T4 -> 3.1764706
A5: 2 | B5: FAVO | C5: BATU BULAN 2 - GIANYAR | D5: 379980859 | E5: Batu Bulan | F5: GIANYAR | G5: M | H5: 46168 | J5: 46204 | L5: ardian | M5: STANDART
A6: 3 | B6: FTFD | C6: TUKAD BALIAN - DENPASAR | D6: 454992534 | E6: Sidakarya | F6: DENPASAR | G6: M | J6: 46204 | K6: 46260 | M6: STANDART
A7: 4 | B7: FALD | C7: SUKASADA 2 - SINGARAJA | D7: 425467449 | E7: Sukasada | F7: BULELENG | G7: M | J7: 46205 | K7: 46256 | L7: bisma | M7: STANDART
A8: 5 | B8: T4AA | C8: CANGGU - BADUNG | D8: 380991173 | E8: Canggu | F8: BADUNG | G8: M | J8: 46205 | K8: 46254 | L8: abdul | M8: STANDART
A9: 6 | B9: FFXV8 | C9: PC.PC.GUNUNG ATHENA_DPS | D9: 597832289 | E9: Padangsambian Kelod | F9: DENPASAR | G9: M | J9: 46205 | L9: bujanga | M9: STANDART NEW
A10: 7 | B10: FEHU | C10: SPBU LATUSARI 2 - BADUNG | D10: 449120671 | E10: Abiansemal | F10: BADUNG | G10: M | J10: 46206 | K10: 46258 | L10: abdul | M10: STANDART | O10: HITAM
A11: 8 | B11: FFOA | C11: KAYUAMBUA - BANGLI | D11: 460418380 | E11: Tiga | F11: BANGLI | G11: M | H11: 46146 | J11: 46206 | L11: ardian | M11: STANDART
A12: 9 | B12: TKV3 | C12: PC.PC.PECATU - BADUNG | D12: 822519414 | E12: Pecatu | F12: BADUNG | G12: M | H12: 46146 | J12: 46206 | L12: angga | M12: STANDART NEW
A13: 10 | B13: TSAD | C13: PC.PC.DARMAWANGSA 2 - BADUNG | D13: 568566925 | E13: Kutuh | F13: BADUNG | G13: M | J13: 46206 | L13: angga | M13: STANDART NEW
A14: 11 | B14: T0AL | C14: AHMAD YANI - DENPASAR | D14: 569912020 | E14: Peguyangan | F14: DENPASAR | G14: M | J14: 46206 | M14: STANDART NEW
A15: 12 | B15: T0P4 | C15: PC.TAMPAK SIRING 2 - GIANYAR | D15: 528446091 | E15: Manukaya | F15: GIANYAR | G15: M | J15: 46206 | L15: ardian | M15: STANDART NEW
A16: 13 | B16: TLFV | C16: PC.PC.DIPONEGORO_DPS | D16: 538547163 | E16: Pedungan | F16: DENPASAR | G16: M | J16: 46206 | M16: STANDART NEW
A17: 13 | B17: TUKP | C17: PC.PC.TAMAN GRIYA 2 - BADUNG | D17: 603817986 | E17: Jimbaran | F17: BADUNG | G17: M | I17: 46186 | J17: 46207 | K17: 46252 | L17: angga | M17: STANDART NEW | O17: HITAM
A18: 14 | B18: FUZ6 | C18: PULAU MENJANGAN - TABANAN | D18: 516525878 | E18: dauh peken | F18: TABANAN | G18: M | H18: 46167 | J18: 46207 | K18: 46254 | L18: odi | M18: STANDART | O18: HITAM
A19: 15 | B19: FAPA | C19: TEGEH SARI - DENPASAR | D19: 558274600 | E19: Tonja | F19: DENPASAR | G19: M | J19: 46207 | M19: STANDART
A20: 16 | B20: FIJJ | C20: BANJAR ALANGKAJENG - BADUNG | D20: 567084802 | E20: Mengwi | F20: BADUNG | G20: M | J20: 46207 | L20: abdul | M20: STANDART
A21: 17 | B21: TDR0 | C21: RAYA UBUD - GIANYAR | D21: 525936584 | E21: Petulu | F21: GIANYAR | G21: M | I21: 46190 | J21: 46207 | L21: ardian | M21: STANDART NEW
A22: 18 | B22: TR65 | C22: PC.NGURAH RAI - GIANYAR | D22: 529875966 | E22: Gianyar | F22: GIANYAR | G22: M | J22: 46207 | L22: ardian | M22: STANDART NEW
A23: 19 | B23: FIEX | C23: BY PAS NGURAH RAI NO 192-DPS | D23: 385606475 | E23: Sanur Kaja | F23: DENPASAR | G23: M | J23: 46209 | K23: 46252 | M23: STANDART
A24: 20 | B24: TBAJ | C24: YCG.MAYOR METRA - SINGARAJA | D24: 398928385 | E24: Liligundi | F24: BULELENG | G24: M | H24: 46155 | I24: 46192 | J24: 46209 | K24: 46252 | L24: bisma | M24: STANDART NEW
A25: 21 | B25: FZJ7 | C25: SRIKANDI NO .12_SRA | D25: 449343850 | E25: Baktiseraga | F25: BULELENG | G25: M | I25: 46176 | J25: 46209 | K25: 46252 | L25: bisma | M25: STANDART
A26: 22 | B26: T0OP | C26: GRIYA ANYAR - BADUNG | D26: 395146274 | E26: Kuta | F26: BADUNG | G26: M | H26: 46147 | J26: 46209 | K26: 46255 | L26: angga | M26: STANDART
A27: 23 | B27: TQ09 | C27: BUNISARI - BADUNG | D27: 383094118 | E27: Kuta | F27: BADUNG | G27: M | I27: 46190 | J27: 46209 | K27: 46255 | L27: angga | M27: STANDART
A28: 24 | B28: TJ6U | C28: PATIMURA - BADUNG | D28: 353759890 | E28: Kuta | F28: BADUNG | G28: M | J28: 46209 | L28: angga | M28: STANDART
A29: 25 | B29: TMCS | C29: NAKULA 73 - BADUNG | D29: 446521419 | E29: Legian | F29: BADUNG | G29: M | J29: 46209 | K29: 46258 | L29: angga | M29: STANDART
A30: 26 | B30: TA2V | C30: YCG.KEDEWATAN - GIANYAR | D30: 494644561 | E30: Kedewatan | F30: GIANYAR | G30: M | H30: 46171 | J30: 46209 | L30: ardian | M30: STANDART NEW
A31: 27 | B31: FISH | C31: TANAH LOT - TABANAN | D31: 562993067 | E31: Beraban | F31: TABANAN | G31: M | H31: 46158 | I31: 46186 | J31: 46209 | L31: odi | M31: STANDART
A32: 28 | B32: FSE5 | C32: CEPAKA - TABANAN | D32: 482362439 | E32: Cepaka | F32: TABANAN | G32: M | J32: 46209 | L32: odi | M32: STANDART
A33: 29 | B33: FAOG | C33: PC.RAYA SEMPIDI - BDG | D33: 527678304 | E33: Sempidi | F33: BADUNG | G33: M | J33: 46209 | L33: abdul | M33: STANDART NEW
A34: 30 | B34: F44K | C34: GUNUNG RINJANI - DENPASAR | D34: 457374457 | E34: Pemecutan Kelod | F34: DENPASAR | G34: M | H34: 46151 | I34: 46185 | J34: 46210 | K34: 46253 | L34: pasek | M34: STANDART | O34: HITAM
A35: 31 | B35: T4AL | C35: PULAU SAELUS - DENPASAR | D35: 387219325 | E35: Sesetan | F35: DENPASAR | G35: M | J35: 46210 | K35: 46253 | M35: STANDART
A36: 32 | B36: TMXX | C36: DEWI SRI LEGIAN - BADUNG | D36: 342167641 | E36: Kuta | F36: BADUNG | G36: M | J36: 46210 | L36: angga | M36: STANDART
A37: 33 | B37: TESF | C37: YCG.KAMPUS UNUD 3 - BADUNG | D37: 440062293 | E37: Jimbaran | F37: BADUNG | G37: M | J37: 46210 | K37: 46253 | L37: angga | M37: STANDART NEW
A38: 34 | B38: FV3G | C38: BATU BOLONG 12 - BADUNG | D38: 544864972 | E38: Canggu | F38: BADUNG | G38: M | H38: 46149 | I38: 46192 | J38: 46210 | K38: 46254 | L38: abdul | M38: STANDART | O38: HITAM
A39: 35 | B39: TSAP | C39: BONDALEM - SINGARAJA | D39: #N/A | E39: Bondalem | F39: BULELENG | G39: M | H39: 46162 | J39: 46210 | L39: bisma | M39: STANDART | O39: renove FC (1=28 agst)
A40: 36 | B40: F31B | C40: RAYA KINTAMANI 602 - BANGLI | D40: 523721408 | E40: Kintamani | F40: BANGLI | G40: M | H40: 46170 | I40: 46198 | J40: 46210 | L40: ardian | M40: STANDART
A41: 37 | B41: FGLC | C41: SPBU KETEWEL - GIANYAR | D41: 323873237 | E41: Ketewel | F41: GIANYAR | G41: M | J41: 46210 | K41: 46261 | L41: ardian | M41: STANDART
A42: 38 | B42: FDN4 | C42: KETEWEL - GIANYAR | D42: 395167921 | E42: Ketewel | F42: GIANYAR | G42: M | J42: 46210 | L42: ardian | M42: STANDART
A43: 39 | B43: FMY8 | C43: YANGGAPI_BANGLI | D43: 581230168 | E43: Yangapi | F43: BANGLI | G43: M | J43: 46210 | L43: ardian | M43: STANDART
A44: 40 | B44: T9HS | C44: PULAU BUNGIN - DENPASAR | D44: 490771313 | E44: Pedungan | F44: DENPASAR | G44: M | J44: 46210 | M44: STANDART NEW
A45: 41 | B45: FON4 | C45: PC.PC.RAYA IR SOEKARNO _TBN | D45: 517554324 | E45: Dauh Peken | F45: TABANAN | G45: M | H45: 46150 | I45: 46188 | J45: 46211 | L45: odi | M45: STANDART NEW
A46: 42 | B46: FPBP | C46: PUDAK - GIANYAR | D46: 428177218 | E46: Batu Bulan | F46: GIANYAR | G46: M | J46: 46211 | L46: ardian | M46: STANDART
A47: 43 | B47: FCUU | C47: SIDAN - GIANYAR | D47: 408762601 | E47: Sidan | F47: GIANYAR | G47: M | J47: 46211 | L47: ardian | M47: STANDART
A48: 44 | B48: TR6G | C48: PC.RAYA TUBAN NO.52B_BADUNG | D48: 531608572 | E48: Tuban | F48: BADUNG | G48: M | J48: 46211 | L48: angga | M48: STANDART NEW
A49: 45 | B49: T3AL | C49: YCG.TUKAD BANYUSARI - DENPASAR | D49: 489155699 | E49: Panjer | F49: DENPASAR | G49: M | J49: 46211 | K49: 46260 | M49: STANDART NEW
A50: 46 | B50: TWJZ | C50: PC.PC.HANGTUAH SANUR - DENPASAR | D50: 175968956 | E50: Sanur Kaja | F50: DENPASAR | G50: M | I50: 46175 | J50: 46211 | K50: 46260 | M50: NEW CONVINIENCE
A51: 47 | B51: F4SD | C51: SPBU GATOT SUBROTO TIMUR DPS | D51: 369942270 | E51: Kesiman Petilan | F51: DENPASAR | G51: M | J51: 46211 | L51: bujanga | M51: STANDART
A52: 48 | B52: FLKA | C52: YCG.PULAU GALANG - DENPASAR | D52: 463622338 | E52: Pemogan | F52: DENPASAR | G52: M | J52: 46211 | M52: STANDART NEW
A53: 49 | B53: FSOE | C53: BURUAN - GIANYAR | D53: 413147216 | E53: Buruan | F53: GIANYAR | G53: M | J53: 46211 | L53: ardian | M53: STANDART
A54: 50 | B54: T5NG | C54: PATIMURA NO 9-11 - DENPASAR | D54: 399860323 | E54: Dangin Puri Kaja | F54: DENPASAR | G54: M | H54: 46148 | I54: 46195 | J54: 46212 | K54: 46258 | L54: bujanga | M54: STANDART | O54: HITAM
A55: 51 | B55: TKVY | C55: BONGKASA - BADUNG | D55: 600470966 | E55: Bongkasa | F55: BADUNG | G55: M | H55: 46162 | J55: 46212 | L55: abdul | M55: STANDART NEW
A56: 52 | B56: TMM7 | C56: YCG.SEMPIDI - BADUNG | D56: 479778107 | E56: Sempidi | F56: BADUNG | G56: M | J56: 46212 | L56: abdul | M56: STANDART NEW
A57: 53 | B57: FDRX | C57: CEKOMARIA_DPS | D57: 465165080 | E57: Peguyangan Kangin | F57: DENPASAR | G57: M | J57: 46212 | M57: STANDART
A58: 54 | B58: TTJQ | C58: MATARAM - BADUNG | D58: 404792031 | E58: Kuta | F58: BADUNG | G58: M | J58: 46212 | L58: angga | M58: STANDART NEW
A59: 55 | B59: TSV9 | C59: PC.PC.DIPONEGORO NO.226_DPS | D59: 513583645 | E59: Dauh Puri Kelod | F59: DENPASAR | G59: M | J59: 46212 | L59: bujanga | M59: STANDART NEW
A60: 56 | B60: FHEN | C60: SPBU CEMPAGA - BANGLI | D60: 442156372 | E60: Cempaga | F60: BANGLI | G60: M | J60: 46212 | K60: 46263 | L60: ardian | M60: STANDART
A61: 57 | B61: TP2U | C61: RAYA KUBU_KSM | D61: 537755435 | E61: Tulamben | F61: KARANGASEM | G61: M | J61: 46212 | L61: ardian | M61: STANDART NEW
A62: 58 | B62: T69T | C62: PEMARON MUNGGU - BADUNG | D62: 443292285 | E62: Munggu | F62: BADUNG | G62: M | J62: 46212 | L62: abdul | M62: STANDART | O62: renove ycg(8-15 ags)
A63: 59 | B63: TAL5 | C63: PC.PC.PULAU KAWE - DENPASAR | D63: 595493212 | E63: Dauh Puri Kelod | F63: DENPASAR | G63: M | H63: 46160 | I63: 46183 | J63: 46213 | K63: 46261 | L63: pasek | M63: FRESH | O63: HITAM
A64: 60 | B64: TLA8 | C64: MAWAR 2 - TABANAN | D64: 451009428 | E64: Dauh Peken | F64: TABANAN | G64: M | H64: 46153 | I64: 46177 | J64: 46213 | K64: 46256 | L64: odi | M64: STANDART NEW | O64: HITAM
A65: 61 | B65: TRUW | C65: BATU KARU 76 - TABANAN | D65: 424062243 | E65: Wanasari | F65: TABANAN | G65: M | H65: 46157 | I65: 46188 | J65: 46213 | L65: odi | M65: STANDART
A66: 62 | B66: F2MV | C66: JEPUN_BADUNG | D66: 488869874 | E66: Jimbaran | F66: BADUNG | G66: M | H66: 46164 | J66: 46213 | L66: angga | M66: STANDART
A67: 63 | B67: FA84 | C67: PC.PC.PURA BATUKARU_TBN | D67: 749301830 | E67: Penatahan | F67: TABANAN | G67: M | I67: 46176 | J67: 46213 | L67: odi | M67: STANDART NEW
A68: 64 | B68: TOCE | C68: PC.PC.BRABAN - BADUNG | D68: 526906609 | E68: Kerobokan Kelod | F68: BADUNG | G68: M | J68: 46213 | L68: abdul | M68: STANDART NEW
A69: 65 | B69: TACL | C69: SERIRIT 2 - SINGARAJA | D69: 430118991 | E69: Tangguwisia | F69: BULELENG | G69: M | J69: 46213 | L69: bisma | M69: STANDART NEW
A70: 66 | B70: FHX6 | C70: RAYA SANGEH - BADUNG | D70: 511090196 | E70: Sangeh | F70: BADUNG | G70: M | J70: 46213 | L70: abdul | M70: STANDART
A71: 67 | B71: T6L1 | C71: ASEMAN - BADUNG | D71: 486994415 | E71: Dauh Yeh Cani | F71: BADUNG | G71: M | I71: 46199 | J71: 46213 | L71: abdul | M71: STANDART
A72: 68 | B72: FAOH | C72: UDAYANA_GIANYAR | D72: 376421066 | E72: Buruan | F72: GIANYAR | G72: M | I72: 46175 | J72: 46213 | L72: ardian | M72: STANDART
A73: 69 | B73: FBWE | C73: RAYA SILAKARANG GYR | D73: 470442780 | E73: Singapadu Kaler | F73: GIANYAR | G73: M | J73: 46213 | L73: ardian | M73: STANDART NEW
A74: 70 | B74: TIHA | C74: YCG.PULAU KAWE NO 35 - DENPASAR | D74: 548386522 | E74: Dauh Puri Klod | F74: DENPASAR | G74: M | H74: 46151 | I74: 46186 | J74: 46214 | K74: 46252 | L74: pasek | M74: STANDART NEW | O74: HITAM
A75: 71 | B75: TA02 | C75: YCG.NGURAH RAI - TABANAN | D75: 537762370 | E75: Banjar Anyar | F75: TABANAN | G75: M | H75: 46167 | J75: 46214 | K75: 46254 | L75: odi | M75: STANDART NEW
A76: 72 | B76: T2Z8 | C76: PC.PC.A YANI - BADUNG | D76: 530132747 | E76: Darmasaba | F76: BADUNG | G76: M | H76: 46165 | I76: 46196 | J76: 46214 | K76: 46255 | L76: abdul | M76: STANDART NEW | O76: HITAM
A77: 73 | B77: TJE6 | C77: PENDIDIKAN NO 37 - DENPASAR | D77: 427267697 | E77: Sidakarya | F77: DENPASAR | G77: M | H77: 46154 | I77: 46190 | J77: 46214 | K77: 46260 | L77: pasek | M77: STANDART | O77: HITAM
A78: 74 | B78: F0L0 | C78: BANTAS - TABANAN | D78: 663106536 | E78: Bantas | F78: TABANAN | G78: M | J78: 46214 | L78: odi | M78: STANDART
A79: 75 | B79: FUDU | C79: BANYUATIS - SINGARAJA | D79: 523054174 | E79: Banyuatis | F79: BULELENG | G79: M | H79: 46172 | J79: 46214 | L79: bisma | M79: STANDART
A80: 76 | B80: TQJB | C80: LOD TUNDUH - GIANYAR | D80: 501540970 | E80: Lod Tunduh | F80: GIANYAR | G80: M | J80: 46214 | L80: ardian | M80: STANDART NEW
A81: 77 | B81: TQ31 | C81: MAS UBUD - GIANYAR | D81: 406784392 | E81: Mas | F81: GIANYAR | G81: M | J81: 46214 | K81: 46260 | L81: ardian | M81: STANDART
A82: 78 | B82: FAH8 | C82: PC.PC.RAYA PUNCAK MANGGU - BDG | D82: 639938230 | E82: Pelaga | F82: BADUNG | G82: M | J82: 46214 | L82: abdul | M82: STANDART NEW
A83: 79 | B83: FIFF | C83: BANYUPOH - SINGARAJA | D83: 477722855 | E83: Banyupoh | F83: BULELENG | G83: M | H83: 46163 | J83: 46216 | L83: bisma | M83: STANDART
A84: 80 | B84: TNIB | C84: PENYABANGAN - SINGARAJA | D84: 413662115 | E84: Penyabangan | F84: BULELENG | G84: M | H84: 46163 | J84: 46216 | L84: bisma | M84: STANDART
A85: 81 | B85: THIT | C85: WINDU SARA - BANGLI | D85: 381570339 | E85: Kedisan | F85: BANGLI | G85: M | I85: 46176 | J85: 46216 | K85: 46254 | L85: ardian | M85: STANDART
A86: 82 | B86: T5DA | C86: KERTANEGARA - DENPASAR | D86: 395093900 | E86: Ubung Kaja | F86: DENPASAR | G86: M | H86: 46150 | J86: 46216 | L86: pasek | M86: STANDART | O86: renovasi fc mini(1=5 agst)buka
A87: 83 | B87: FWR8 | C87: RAYA SAMPALAN KELUNGKUNG | D87: 500281856 | E87: Sampalan Kelod | F87: KLUNGKUNG | G87: M | H87: 46148 | I87: 46199 | J87: 46216 | L87: ardian | M87: STANDART
A88: 84 | B88: F34V | C88: RAYA BATURITI - TABANAN | D88: 435503785 | E88: Batunya | F88: TABANAN | G88: M | H88: 46149 | I88: 46203 | J88: 46216 | L88: odi | M88: STANDART | O88: renovasi (10==17 agst)buka
A89: 85 | B89: FY76 | C89: LEPANG - KLUNGKUNG | D89: 394858579 | E89: Takmung | F89: KLUNGKUNG | G89: M | H89: 46150 | I89: 46199 | J89: 46216 | L89: ardian | M89: STANDART
A90: 86 | B90: FRRA | C90: SPBU NGURAH RAI - BADUNG | D90: 379749913 | E90: Tuban | F90: BADUNG | G90: M | H90: 46154 | J90: 46216 | L90: angga | M90: STANDART
A91: 87 | B91: TOCF | C91: YCG.JUNCTION BATUR LAKE - BANGLI | D91: 430996871 | E91: Batur Tengah | F91: BANGLI | G91: M | H91: 46157 | J91: 46216 | L91: ardian | M91: STANDART NEW
A92: 88 | B92: FADM | C92: SEMPIDI 2 - BADUNG | D92: 468585894 | E92: Sempidi | F92: BADUNG | G92: M | H92: 46160 | J92: 46216 | L92: abdul | M92: STANDART
A93: 89 | B93: TQ24 | C93: KAPAL - BADUNG | D93: 412950658 | E93: Kapal | F93: BADUNG | G93: M | H93: 46168 | J93: 46216 | L93: abdul | M93: STANDART NEW
A94: 90 | B94: TCK3 | C94: ABIANBASE - BADUNG | D94: 447311372 | E94: Abianbase | F94: BADUNG | G94: M | H94: 46172 | J94: 46216 | L94: abdul | M94: STANDART
A95: 91 | B95: TSIT | C95: MERPATI - DENPASAR | D95: 479297301 | E95: Tegal Kertha | F95: DENPASAR | G95: M | J95: 46216 | M95: STANDART
A96: 92 | B96: T4LI | C96: SURADIPA NO .18 - DPS | D96: 490901254 | E96: Peguyangan Kaja | F96: DENPASAR | G96: M | J96: 46216 | M96: STANDART
A97: 93 | B97: FNF1 | C97: PATIH NAMBI_DPS | D97: 418889167 | E97: Ubung Kaja | F97: DENPASAR | G97: M | I97: 46175 | J97: 46216 | M97: STANDART | O97: renov (6-20 agt )buka
A98: 94 | B98: TWWT | C98: WANAYU - GIANYAR | D98: 374917236 | E98: Bedulu | F98: GIANYAR | G98: M | H98: 46163 | I98: 46184 | J98: 46217 | K98: 46252 | L98: ardian | M98: STANDART | O98: HITAM
A99: 95 | B99: FYKH | C99: RAYA BAYAD_GYR | D99: 364212772 | E99: Kedisan | F99: GIANYAR | G99: M | H99: 46147 | J99: 46217 | L99: ardian | M99: STANDART
A100: 96 | B100: TFFV | C100: TANGKUBAN PERAHU - DENPASAR | D100: 424762042 | E100: Padang Sambian | F100: DENPASAR | G100: M | H100: 46157 | J100: 46217 | M100: STANDART
...

Sheet Sheet4
A1: NAMA | B1: (All)
A3: Count of NAMA
A4: KORLAP | B4: Total
A5: ABDUL RAHMAN | B5: 10 | C5: 3
A6: ANGGA ARDIYANSYAH | B6: 9 | C6: 3
A7: I GEDE PASEK SANTIKA | B7: 10 | C7: 3
A8: I WAYAN ANGGA RISTA | B8: 9 | C8: 3
A9: ODI TRI ANGGARA | B9: 9 | C9: 3
A10: PUTU BISMA | B10: 8 | C10: 3
A11: Grand Total | B11: 55

Sheet PERSONIL
A1: NIK | B1: NAMA | C1: NIK | D1: KOORDINATOR | E1: NIK | F1: KORLAP | G1: NO HP | H1: DOMISILI | K1: PROYEKSI SEPTEMBER
A2: 2015478551 | B2: ATHILA HARVE SEPTANANDO | C2: 2013182311 | D2: YOGI SEPTA ARIF PRATAMA | E2: 2013180506 | F2: I WAYAN ANGGA RISTA | K2: KETERANGAN | L2: ABDUL RAHMAN | M2: ANGGA ARDIYANSYAH | N2: I GEDE PASEK SANTIKA | O2: I WAYAN ANGGA RISTA | P2: ODI TRI ANGGARA | Q2: PUTU BISMA | R2: TOTAL
A3: 2015733322 | B3: ABIL YAHYA ASSYADILI | C3: 2013182311 | D3: YOGI SEPTA ARIF PRATAMA | E3: 2013180506 | F3: I WAYAN ANGGA RISTA | K3: Personil | L3: 9 | M3: 9 | N3: 10 | O3: 10 | P3: 9 | Q3: 8 | R3: =SUM(L3:Q3) -> 55
A4: 2015644524 | B4: WAHYU SULISTYO NUR ADI | C4: 2013182311 | D4: YOGI SEPTA ARIF PRATAMA | E4: 2013180506 | F4: I WAYAN ANGGA RISTA | K4: Reguler | L4: 3 | M4: 3 | N4: 3 | O4: 3 | P4: 3 | Q4: 2 | R4: =SUM(L4:Q4) -> 17
A5: 2013182311 | B5: YOGI SEPTA ARIF PRATAMA | C5: 2013182311 | D5: YOGI SEPTA ARIF PRATAMA | E5: 2013180506 | F5: I WAYAN ANGGA RISTA | K5: Cluster | L5: 1 | M5: 1 | N5: 1 | O5: 1 | P5: 1 | Q5: 1 | R5: =SUM(L5:Q5) -> 6
A6: 2015478550 | B6: AGUSTINUS SAFRUDIN | C6: 2015100909 | D6: CAHYO PRASETYO UTOMO | E6: 2013180506 | F6: I WAYAN ANGGA RISTA
A7: 2015742253 | B7: JULIO BOY NENOTEK | C7: 2015100909 | D7: CAHYO PRASETYO UTOMO | E7: 2013180506 | F7: I WAYAN ANGGA RISTA
A8: 2015762238 | B8: SYAHRUL HANAFI | C8: 2015100909 | D8: CAHYO PRASETYO UTOMO | E8: 2013180506 | F8: I WAYAN ANGGA RISTA
A9: 2015100909 | B9: CAHYO PRASETYO UTOMO | C9: 2015100909 | D9: CAHYO PRASETYO UTOMO | E9: 2013180506 | F9: I WAYAN ANGGA RISTA
A10: 2013180506 | B10: I WAYAN ANGGA RISTA | C10: 2013180506 | D10: I WAYAN ANGGA RISTA | E10: 2013180506 | F10: I WAYAN ANGGA RISTA | G10: 085237036614 | H10: BATUBULAN,SUKAWATI,GIANYAR
A11: 2015632428 | B11: JOVAN FALAH MAULANA | C11: 2015154121 | D11: MUHAMMAD BAGUS MAULANA | E11: 2013060277 | F11: ODI TRI ANGGARA
A12: 2015675462 | B12: FEBRI DWI PRATAMA | C12: 2015154121 | D12: MUHAMMAD BAGUS MAULANA | E12: 2013060277 | F12: ODI TRI ANGGARA
A13: 2015362961 | B13: KETUT SATRIA DINATA | C13: 2015154121 | D13: MUHAMMAD BAGUS MAULANA | E13: 2013060277 | F13: ODI TRI ANGGARA
A14: 2015154121 | B14: MUHAMMAD BAGUS MAULANA | C14: 2015154121 | D14: MUHAMMAD BAGUS MAULANA | E14: 2013060277 | F14: ODI TRI ANGGARA
A15: 2015471984 | B15: I GUSTI NGURAH KRISNA PUTRA | C15: 2015060270 | D15: I MADE RUDIARTA | E15: 2013060277 | F15: ODI TRI ANGGARA
A16: 2015742254 | B16: I KETUT KRISNATA | C16: 2015060270 | D16: I MADE RUDIARTA | E16: 2013060277 | F16: ODI TRI ANGGARA
A17: 2015747088 | B17: I PUTU AGUNG FEBRIANTO | C17: 2015060270 | D17: I MADE RUDIARTA | E17: 2013060277 | F17: ODI TRI ANGGARA | G17: 082146310498 | H17: TABANAN
A18: 2015060270 | B18: I MADE RUDIARTA | C18: 2015060270 | D18: I MADE RUDIARTA | E18: 2013060277 | F18: ODI TRI ANGGARA
A19: 2013060277 | B19: ODI TRI ANGGARA | C19: 2013060277 | D19: ODI TRI ANGGARA | E19: 2013060277 | F19: ODI TRI ANGGARA
A20: 2015408869 | B20: SAEPUL BAHRI | C20: 2015302836 | D20: RAFLI SALMAN ADITYA | E20: 2013090888 | F20: ANGGA ARDIYANSYAH | G20: 085339461696 | H20: Pemogan, Denpasar
A21: 2015161965 | B21: ANTON TRI SUCITRO | C21: 2015302836 | D21: RAFLI SALMAN ADITYA | E21: 2013090888 | F21: ANGGA ARDIYANSYAH | G21: 085946630374 | H21: Gianyar kota
A22: 2015644525 | B22: SUBHAN MAULANA ISHAQ | C22: 2015302836 | D22: RAFLI SALMAN ADITYA | E22: 2013090888 | F22: ANGGA ARDIYANSYAH | G22: - | H22: Badung
A23: 2015302836 | B23: RAFLI SALMAN ADITYA | C23: 2015302836 | D23: RAFLI SALMAN ADITYA | E23: 2013090888 | F23: ANGGA ARDIYANSYAH | G23: 081236412656 | H23: Klungkung/Semarapura
A24: 2015467115 | B24: MUHAMMAD GUFRON | C24: 2015377937 | D24: IKADEK GALANG SURYA DARMA | E24: 2013090888 | F24: ANGGA ARDIYANSYAH | G24: 085338524874 | H24: Buruan, GIANYAR
A25: 2015583887 | B25: FIKI SANDHIKA PUTRA | C25: 2015377937 | D25: IKADEK GALANG SURYA DARMA | E25: 2013090888 | F25: ANGGA ARDIYANSYAH | G25: 081333633259 | H25: BONA , GIANYAR
A26: 2015655271 | B26: MARCHEL BAGAS | C26: 2015377937 | D26: IKADEK GALANG SURYA DARMA | E26: 2013090888 | F26: ANGGA ARDIYANSYAH | G26: 081231925070 | H26: UBUD,GIANYAR
A27: 2015377937 | B27: IKADEK GALANG SURYA DARMA | C27: 2015377937 | D27: IKADEK GALANG SURYA DARMA | E27: 2013090888 | F27: ANGGA ARDIYANSYAH
A28: 2013090888 | B28: ANGGA ARDIYANSYAH | C28: 2013090888 | D28: ANGGA ARDIYANSYAH | E28: 2013090888 | F28: ANGGA ARDIYANSYAH | G28: 08814881377 | H28: Gianyar
A29: 2015503577 | B29: AHMAD RYOS AJI HERLIAN | C29: 2015170503 | D29: I GEDE JULIANTO | E29: 2013159827 | F29: ABDUL RAHMAN | G29: 085706420856 | H29: DENPASAR KOTA
A30: 2015640856 | B30: RISKI BAYU RAMADHAN | C30: 2015170503 | D30: I GEDE JULIANTO | E30: 2013159827 | F30: ABDUL RAHMAN | G30: 085954756545 | H30: DENPASAR KOTA
A31: 2015731683 | B31: DWI CAHYA PUTRA | C31: 2015170503 | D31: I GEDE JULIANTO | E31: 2013159827 | F31: ABDUL RAHMAN | G31: 081216520079 | H31: RENON, DENPASAR
A32: 2015748049 | B32: MOCH FAHRUL ROSI | C32: 2015170503 | D32: I GEDE JULIANTO | E32: 2013159827 | F32: ABDUL RAHMAN | G32: 081455045238 | H32: UBUD GIANYAR
A33: 2015170503 | B33: I GEDE JULIANTO | C33: 2015170503 | D33: I GEDE JULIANTO | E33: 2013159827 | F33: ABDUL RAHMAN
A34: 2015497215 | B34: LALU FARA AZIS | C34: 2015178874 | D34: AHMAD BAGUS AKBAR | E34: 2013159827 | F34: ABDUL RAHMAN | G34: 081917777374 | H34: DENPASAR KOTA
A35: 2015496206 | B35: I GEDE AGUS BUDI SUARNATA | C35: 2015178874 | D35: AHMAD BAGUS AKBAR | E35: 2013159827 | F35: ABDUL RAHMAN | G35: 081936790481 | H35: TUKAD PETANU , DENPASAR
A36: 2015743981 | B36: I PUTU AGUS PUTRA WIJAYA | C36: 2015178874 | D36: AHMAD BAGUS AKBAR | E36: 2013159827 | F36: ABDUL RAHMAN
A37: 2015178874 | B37: AHMAD BAGUS AKBAR | C37: 2015178874 | D37: AHMAD BAGUS AKBAR | E37: 2013159827 | F37: ABDUL RAHMAN | G37: 085857839034 | H37: TABANAN
A38: 2013159827 | B38: ABDUL RAHMAN | C38: 2013159827 | D38: ABDUL RAHMAN | E38: 2013159827 | F38: ABDUL RAHMAN | G38: 085738982274 | H38: GIANYAR ,KOTA
A39: 2015552796 | B39: ADAM FAJAR RAMADHAN | C39: 2015082091 | D39: AGUNG DWI SETIAWAN | E39: 2013217571 | F39: I GEDE PASEK SANTIKA | G39: 0895422644281 | H39: Tukad Citarum, Denpasar
A40: 2015709471 | B40: FANI SULISTIYO | C40: 2015082091 | D40: AGUNG DWI SETIAWAN | E40: 2013217571 | F40: I GEDE PASEK SANTIKA | G40: 089520421287 | H40: A.Yani Utara, Denpasar
A41: 2015653867 | B41: DIMAS SETIAWAN | C41: 2015082091 | D41: AGUNG DWI SETIAWAN | E41: 2013217571 | F41: I GEDE PASEK SANTIKA | G41: 081231961742 | H41: Pulau Bungin, Denpasar
A42: 2015762233 | B42: PUTU PRIA ASTIKA WIDNYANA | C42: 2015082091 | D42: AGUNG DWI SETIAWAN | E42: 2013217571 | F42: I GEDE PASEK SANTIKA | G42: 085738889028 | H42: Mengwi, Badung
A43: 2015082091 | B43: AGUNG DWI SETIAWAN | C43: 2015082091 | D43: AGUNG DWI SETIAWAN | E43: 2013217571 | F43: I GEDE PASEK SANTIKA | G43: 085739622801 | H43: Bongan, Tabanan
A44: 2015640857 | B44: PUTRA BILAL INZHAGI | C44: 2015458087 | D44: M LUTFILAH | E44: 2013217571 | F44: I GEDE PASEK SANTIKA | G44: 085889031936 | H44: Renon, Denpasar
A45: 2015687144 | B45: MUHAMMAD ERI FARHANDI | C45: 2015458087 | D45: M LUTFILAH | E45: 2013217571 | F45: I GEDE PASEK SANTIKA | G45: 0895366407237 | H45: Kuta, Badung
A46: 2015739793 | B46: BENEDIKTUS FEBRIANO JANGGU | C46: 2015458087 | D46: M LUTFILAH | E46: 2013217571 | F46: I GEDE PASEK SANTIKA | G46: 082313510903 | H46: Ubung, Denpasar
A47: 2015458087 | B47: M LUTFILAH | C47: 2015458087 | D47: M LUTFILAH | E47: 2013217571 | F47: I GEDE PASEK SANTIKA | G47: 082331023094 | H47: Sempidi, Badung
A48: 2013217571 | B48: I GEDE PASEK SANTIKA | C48: 2013217571 | D48: I GEDE PASEK SANTIKA | E48: 2013217571 | F48: I GEDE PASEK SANTIKA | G48: 087860811891 | H48: Mengwi, Badung
A49: 2015586328 | B49: IMANUEL MUSA J LAKAPU | C49: 2015076423 | D49: GEDE ARIASA | E49: 2013178647 | F49: PUTU BISMA | G49: 085142739624 | H49: Gianyar,pejeng kaja
A50: 2015458084 | B50: IKOMANG PUTRA YASA | C50: 2015076423 | D50: GEDE ARIASA | E50: 2013178647 | F50: PUTU BISMA
A51: 2015076423 | B51: GEDE ARIASA | C51: 2015076423 | D51: GEDE ARIASA | E51: 2013178647 | F51: PUTU BISMA
A52: 2015705789 | B52: I GEDE MADE ADI GUNA | C52: 2015378206 | D52: BUJANGGA JONATHAN ADI PUTRA | E52: 2013178647 | F52: PUTU BISMA
A53: 2015565553 | B53: MUOH FARISAL | C53: 2015378206 | D53: BUJANGGA JONATHAN ADI PUTRA | E53: 2013178647 | F53: PUTU BISMA
A54: 2015675463 | B54: DIYO TRI JANUAR | C54: 2015378206 | D54: BUJANGGA JONATHAN ADI PUTRA | E54: 2013178647 | F54: PUTU BISMA
A55: 2015378206 | B55: BUJANGGA JONATHAN ADI PUTRA | C55: 2015378206 | D55: BUJANGGA JONATHAN ADI PUTRA | E55: 2013178647 | F55: PUTU BISMA
A56: 2013178647 | B56: PUTU BISMA | C56: 2013178647 | D56: PUTU BISMA | E56: 2013178647 | F56: PUTU BISMA
B57: MUHAMMAD KHAERUNNAS | C57: 2013180506 | D57: I WAYAN ANGGA RISTA | E57: 2013180506 | F57: I WAYAN ANGGA RISTA | G57: 082214891032 | H57: Jimbaran Badung

Sheet MASTER TOKO BALI
A1: NO | B1: KDTK | C1: NAMA | D1: KOORDINAT | E1: SALDO TOKO AGUSTUS | F1: KAS TOKO | G1: AM | H1: AS | I1: WILAYAH | J1: KABUPATEN | K1: KECAMATAN | L1: COVERAGE | M1: Type SO | N1: SO MEI '26 | O1: SO JUNI '26 | P1: SO JULI '26 | Q1: SO AGUSTUS '26 | R1: SO SEPTEMBER '26 | S1: FREKUENSI TIDAK SO | T1: RENTANG HARI SO | U1: KETERANGAN | V1: ZONA | W1: SO AKTIVA | X1: KORLAP | AE1: RENCANA SO BULAN SEPTEMBER 2026
A2: 1 | B2: F02X | C2: IMAM BONJOL - DENPASAR | D2: S8 66 59.96 E115 20 66.90 | E2: 479482772 | F2: 2500000 | G2: THJ | H2: DOM | I2: BALI | J2: DENPASAR | K2: =VLOOKUP($B2,'WILL TOKO SEP'!A3:AK742,37,0) -> DENPASAR BARAT | L2: DC | M2: M | N2: 46158 | O2: 46184 | P2: 46213 | Q2: 46248 | R2: =IFERROR(VLOOKUP($B2,JADWAL!$G$6:$J$690,4,0),"") -> 46267 | S2: =COUNTIF(N2:P2,"0") -> 0 | U2: TOKO EKSIS | V2: ZONA HITAM | X2: #N/A | Z2: SEPTEMBER | AA2: 26 | AB2: hari kerja | AE2: KORLAP | AF2: PERSONIL PER KORLAP | AG2: REGULAR | AH2: EXTRA | AI2: TOTAL | AJ2: SEMINGGU 4 KALI | AK2: EXTRA SEPTEMBER
A3: =A2+1 -> 2 | B3: F08C | C3: KEBO IWA - DENPASAR | D3: S8 38 04.7 E115 11 04.0 | E3: 507586793 | F3: 3500000 | G3: THR | H3: BAS | I3: BALI | J3: DENPASAR | K3: =VLOOKUP($B3,'WILL TOKO SEP'!A4:AK743,37,0) -> DENPASAR BARAT | L3: DC | M3: M | N3: 46147 | O3: 0 | P3: 46234 | Q3: 0 | R3: =IFERROR(VLOOKUP($B3,JADWAL!$G$6:$J$690,4,0),"") -> 46268 | S3: =COUNTIF(N3:P3,"0") -> 1 | U3: TOKO EKSIS | V3: NON ZONA HITAM | X3: 0 | Z3: TARGET TOKO SO | AA3: 433 | AB3: =AA3/AA2 -> 16.653846 | AE3: ABDUL RAHMAN | AF3: 10 | AG3: 3 | AH3: 2 | AI3: =AG3+AH3 -> 5 | AJ3: =AI3*4 -> 20
A4: =A3+1 -> 3 | B4: F0L0 | C4: BANTAS - TABANAN | D4: S8 30 06.8 E115 03 46.2 | E4: 689951930 | F4: 4500000 | G4: JPT | H4: INP | I4: BALI | J4: TABANAN | K4: =VLOOKUP($B4,'WILL TOKO SEP'!A5:AK744,37,0) -> SELEMADEG TIMUR | L4: DC | M4: M | N4: 0 | O4: 0 | P4: 46214 | Q4: 0 | R4: =IFERROR(VLOOKUP($B4,JADWAL!$G$6:$J$690,4,0),"") | S4: =COUNTIF(N4:P4,"0") -> 2 | U4: TOKO EKSIS | V4: NON ZONA HITAM | X4: odi | Z4: PERSONIL | AA4: 55 | AB4: 17 | AC4: =AA4/AB4 -> 3.2352941 | AE4: ANGGA ARDIYANSYAH | AF4: 9 | AG4: 3 | AH4: 2 | AI4: =AG4+AH4 -> 5 | AJ4: =AI4*4 -> 20
A5: =A4+1 -> 4 | B5: F0PT | C5: PC.PC.RAYA LODTUNDUH | D5: 8°32'52.92"S 115°15'42.85"E | E5: 552870410 | F5: 3000000 | G5: ATN | H5: MRS | I5: BALI | J5: GIANYAR | K5: =VLOOKUP($B5,'WILL TOKO SEP'!A6:AK745,37,0) -> UBUD | L5: IGR | M5: M | N5: 0 | O5: 0 | P5: 46223 | Q5: 0 | R5: =IFERROR(VLOOKUP($B5,JADWAL!$G$6:$J$690,4,0),"") | S5: =COUNTIF(N5:P5,"0") -> 2 | U5: TOKO EKSIS | V5: NON ZONA HITAM | X5: ardian | AE5: I GEDE PASEK SANTIKA | AF5: 10 | AG5: 3 | AH5: 2 | AI5: =AG5+AH5 -> 5 | AJ5: =AI5*4 -> 20
A6: =A5+1 -> 5 | B6: F17R | C6: TEGES - DENPASAR | D6: S8 39 28.4 E115 10 53.7 | E6: 422371082 | F6: 3000000 | G6: THR | H6: WWD | I6: BALI | J6: DENPASAR | K6: =VLOOKUP($B6,'WILL TOKO SEP'!A7:AK746,37,0) -> DENPASAR BARAT | L6: DC | M6: M | N6: 0 | O6: 46178 | P6: 46231 | Q6: 0 | R6: =IFERROR(VLOOKUP($B6,JADWAL!$G$6:$J$690,4,0),"") | S6: =COUNTIF(N6:P6,"0") -> 1 | U6: TOKO EKSIS | V6: NON ZONA HITAM | X6: 0 | AE6: I WAYAN ANGGA RISTA | AF6: 9 | AG6: 3 | AH6: 2 | AI6: =AG6+AH6 -> 5 | AJ6: =AI6*4 -> 20
A7: =A6+1 -> 6 | B7: F1HT | C7: TAMAN GIRI NO .77 BDG | D7: 8°47'34.07"S 115°11'41.00"E | E7: 462389795 | F7: 2500000 | G7: MIL | H7: REN | I7: BALI | J7: BADUNG | K7: =VLOOKUP($B7,'WILL TOKO SEP'!A8:AK747,37,0) -> KUTA SELATAN | L7: IGR | M7: M | N7: 0 | O7: 46178 | P7: 0 | Q7: 46261 | R7: =IFERROR(VLOOKUP($B7,JADWAL!$G$6:$J$690,4,0),"") -> 46268 | S7: =COUNTIF(N7:P7,"0") -> 2 | U7: TOKO EKSIS | V7: NON ZONA HITAM | X7: angga | AE7: ODI TRI ANGGARA | AF7: 9 | AG7: 3 | AH7: 2 | AI7: =AG7+AH7 -> 5 | AJ7: =AI7*4 -> 20
A8: =A7+1 -> 7 | B8: F1RC | C8: RAYA MUNGGU_BDG | D8: 8°36'7.22"S 115° 9'33.97"E | E8: 440733471 | F8: 2000000 | G8: LAO | H8: SAM | I8: BALI | J8: BADUNG | K8: =VLOOKUP($B8,'WILL TOKO SEP'!A9:AK748,37,0) -> MENGWI | L8: DC | M8: M | N8: 46165 | O8: 46190 | P8: 46212 | Q8: 46241 | R8: =IFERROR(VLOOKUP($B8,JADWAL!$G$6:$J$690,4,0),"") | S8: =COUNTIF(N8:P8,"0") -> 0 | U8: TOKO EKSIS | V8: NON ZONA HITAM | X8: #N/A | AE8: PUTU BISMA | AF8: 8 | AG8: 2 | AH8: 1 | AI8: =AG8+AH8 -> 3 | AJ8: =AI8*4 -> 12
A9: =A8+1 -> 8 | B9: F1RX | C9: RAYA GAJAH MADA - SINGARAJA | D9: S8 6 35.40 E115 5 28.67 | E9: 392239030 | F9: 2000000 | G9: APA | H9: AMN | I9: BALI | J9: BULELENG | K9: =VLOOKUP($B9,'WILL TOKO SEP'!A10:AK749,37,0) -> BULELENG | L9: DC | M9: M | N9: 46147 | O9: 46197 | P9: 46219 | Q9: 46245 | R9: =IFERROR(VLOOKUP($B9,JADWAL!$G$6:$J$690,4,0),"") | S9: =COUNTIF(N9:P9,"0") -> 0 | U9: TOKO EKSIS | V9: NON ZONA HITAM | X9: #N/A | AG9: =SUM(AG3:AG8) -> 17 | AH9: =SUM(AH3:AH8) -> 11 | AI9: =AG9+AH9 -> 28 | AJ9: =AI9*4 -> 112 | AK9: =AJ9*4 -> 448
A10: =A9+1 -> 9 | B10: F2BK | C10: PC.CIUNGWANARA - GIANYAR | D10: S8 32 13.3 E115 19 23.1 | E10: 506541486 | F10: 4000000 | G10: ATN | H10: MKH | I10: BALI | J10: GIANYAR | K10: =VLOOKUP($B10,'WILL TOKO SEP'!A11:AK750,37,0) -> GIANYAR | L10: IGR | M10: M | N10: 0 | O10: 46193 | P10: 0 | Q10: 0 | R10: =IFERROR(VLOOKUP($B10,JADWAL!$G$6:$J$690,4,0),"") | S10: =COUNTIF(N10:P10,"0") -> 2 | U10: TOKO EKSIS | V10: NON ZONA HITAM | X10: ardian
A11: =A10+1 -> 10 | B11: F2G2 | C11: GUNUNG SANGHYANG 227 BADUNG | D11: S8 38 48.00 E11510 30.30 | E11: 438845947 | F11: 2000000 | G11: THR | H11: WWD | I11: BALI | J11: BADUNG | K11: =VLOOKUP($B11,'WILL TOKO SEP'!A12:AK751,37,0) -> KUTA UTARA | L11: DC | M11: M | N11: 46158 | O11: 46188 | P11: 46224 | Q11: 46240 | R11: =IFERROR(VLOOKUP($B11,JADWAL!$G$6:$J$690,4,0),"") -> 46269 | S11: =COUNTIF(N11:P11,"0") -> 0 | U11: TOKO EKSIS | V11: ZONA HITAM | X11: #N/A
A12: =A11+1 -> 11 | B12: F2MV | C12: JEPUN_BADUNG | D12: 8°47'44.24"S 115° 8'56.29"E | E12: 472475414 | F12: 2000000 | G12: MIL | H12: DDY | I12: BALI | J12: BADUNG | K12: =VLOOKUP($B12,'WILL TOKO SEP'!A13:AK752,37,0) -> KUTA SELATAN | L12: DC | M12: M | N12: 46164 | O12: 0 | P12: 46213 | Q12: 0 | R12: =IFERROR(VLOOKUP($B12,JADWAL!$G$6:$J$690,4,0),"") | S12: =COUNTIF(N12:P12,"0") -> 1 | U12: TOKO EKSIS | V12: NON ZONA HITAM | X12: angga
A13: =A12+1 -> 12 | B13: F2QU | C13: DIPONEGORO - TABANAN | D13: S8 31 59.3 E115 08 01.0 | E13: 396855644 | F13: 2500000 | G13: JPT | H13: SFH | I13: BALI | J13: TABANAN | K13: =VLOOKUP($B13,'WILL TOKO SEP'!A14:AK753,37,0) -> TABANAN | L13: DC | M13: M | N13: 0 | O13: 46182 | P13: 0 | Q13: 46239 | R13: =IFERROR(VLOOKUP($B13,JADWAL!$G$6:$J$690,4,0),"") | S13: =COUNTIF(N13:P13,"0") -> 2 | U13: TOKO EKSIS | V13: NON ZONA HITAM | X13: #N/A
A14: =A13+1 -> 13 | B14: F31B | C14: RAYA KINTAMANI 602 - BANGLI | D14: S8 14 57.96 E11519 45.16 | E14: 502637434 | F14: 2000000 | G14: JUN | H14: IKN | I14: BALI | J14: BANGLI | K14: =VLOOKUP($B14,'WILL TOKO SEP'!A15:AK754,37,0) -> KINTAMANI | L14: DC | M14: M | N14: 46170 | O14: 46198 | P14: 46210 | Q14: 0 | R14: =IFERROR(VLOOKUP($B14,JADWAL!$G$6:$J$690,4,0),"") | S14: =COUNTIF(N14:P14,"0") -> 0 | U14: TOKO EKSIS | V14: NON ZONA HITAM | X14: ardian
A15: =A14+1 -> 14 | B15: F34V | C15: RAYA BATURITI - TABANAN | D15: S08 18 24.86 E115 10 41.77 | E15: 439478960 | F15: 2000000 | G15: LAO | H15: KAR | I15: BALI | J15: TABANAN | K15: =VLOOKUP($B15,'WILL TOKO SEP'!A16:AK755,37,0) -> BATURITI | L15: DC | M15: M | N15: 46149 | O15: 46203 | P15: 46216 | Q15: 0 | R15: =IFERROR(VLOOKUP($B15,JADWAL!$G$6:$J$690,4,0),"") -> 46267 | S15: =COUNTIF(N15:P15,"0") -> 0 | U15: TOKO EKSIS | V15: NON ZONA HITAM | X15: odi
A16: =A15+1 -> 15 | B16: F37V | C16: JAGARAGA_GYR | D16: 8°35'40.29"S 115°16'9.49"E | E16: 380513165 | F16: 2000000 | G16: ATN | H16: MRS | I16: BALI | J16: GIANYAR | K16: =VLOOKUP($B16,'WILL TOKO SEP'!A17:AK756,37,0) -> SUKAWATI | L16: IGR | M16: M | N16: 0 | O16: 46198 | P16: 46224 | Q16: 0 | R16: =IFERROR(VLOOKUP($B16,JADWAL!$G$6:$J$690,4,0),"") | S16: =COUNTIF(N16:P16,"0") -> 1 | U16: TOKO EKSIS | V16: NON ZONA HITAM | X16: ardian
A17: =A16+1 -> 16 | B17: F3QQ | C17: PULAU TARAKAN - DENPASAR | D17: S8 40 36.7 E115 12 35.0 | E17: 375174949 | F17: 2000000 | G17: THJ | H17: DOM | I17: BALI | J17: DENPASAR | K17: =VLOOKUP($B17,'WILL TOKO SEP'!A18:AK757,37,0) -> DENPASAR BARAT | L17: DC | M17: M | N17: 46167 | O17: 46192 | P17: 46212 | Q17: 46239 | R17: =IFERROR(VLOOKUP($B17,JADWAL!$G$6:$J$690,4,0),"") -> 46267 | S17: =COUNTIF(N17:P17,"0") -> 0 | U17: TOKO EKSIS | V17: ZONA HITAM | X17: #N/A
A18: =A17+1 -> 17 | B18: F3XG | C18: LEMBU SORA - DENPASAR | D18: S8 37 11.4 E115 12 15.1 | E18: 381696271 | F18: 2500000 | G18: DTO | H18: IHN | I18: BALI | J18: DENPASAR | K18: =VLOOKUP($B18,'WILL TOKO SEP'!A19:AK758,37,0) -> DENPASAR UTARA | L18: DC | M18: M | N18: 46170 | O18: 0 | P18: 46231 | Q18: 46247 | R18: =IFERROR(VLOOKUP($B18,JADWAL!$G$6:$J$690,4,0),"") | S18: =COUNTIF(N18:P18,"0") -> 1 | U18: TOKO EKSIS | V18: NON ZONA HITAM | X18: #N/A
A19: =A18+1 -> 18 | B19: F4C8 | C19: PC.PC.HIKING G.BATUR | D19: S8 15 1.36 115 23 50.67 | E19: 641945341 | F19: 3500000 | G19: JUN | H19: MRZ | I19: BALI | J19: BANGLI | K19: =VLOOKUP($B19,'WILL TOKO SEP'!A20:AK759,37,0) -> KINTAMANI | L19: DC | M19: M | N19: 46162 | O19: 46196 | P19: 0 | Q19: 0 | R19: =IFERROR(VLOOKUP($B19,JADWAL!$G$6:$J$690,4,0),"") -> 46268 | S19: =COUNTIF(N19:P19,"0") -> 1 | U19: TOKO EKSIS | V19: NON ZONA HITAM | X19: ardian
A20: =A19+1 -> 19 | B20: F4SD | C20: SPBU GATOT SUBROTO TIMUR DPS | D20: S8 38 08.9 E115 14 15.5 | E20: 366862051 | F20: 2000000 | G20: SKI | H20: KDI | I20: BALI | J20: DENPASAR | K20: =VLOOKUP($B20,'WILL TOKO SEP'!A21:AK760,37,0) -> DENPASAR TIMUR | L20: IGR | M20: M | N20: 0 | O20: 0 | P20: 46211 | Q20: 0 | R20: =IFERROR(VLOOKUP($B20,JADWAL!$G$6:$J$690,4,0),"") -> 46270 | S20: =COUNTIF(N20:P20,"0") -> 2 | U20: TOKO EKSIS | V20: NON ZONA HITAM | X20: bujanga
A21: =A20+1 -> 20 | B21: F4UG | C21: YCG.BY PAS IDA BAGUS MANTRA NO.119 | D21: 8°34'4.26"S 115°22'46.76"E | E21: 503960218 | F21: 2500000 | G21: JUN | H21: IDA | I21: BALI | J21: KLUNGKUNG | K21: =VLOOKUP($B21,'WILL TOKO SEP'!A22:AK761,37,0) -> BANJARANGKAN | L21: DC | M21: M | N21: 46150 | O21: 0 | P21: 46227 | Q21: 0 | R21: =IFERROR(VLOOKUP($B21,JADWAL!$G$6:$J$690,4,0),"") | S21: =COUNTIF(N21:P21,"0") -> 1 | U21: TOKO EKSIS | V21: NON ZONA HITAM | X21: ardian
A22: =A21+1 -> 21 | B22: F55L | C22: NEGARA - JEMBRANA | D22: S8 21 38.2 E114 37 26.8 | E22: 504199320 | F22: 2500000 | G22: SKI | H22: EKS | I22: BALI | J22: JEMBRANA | K22: =VLOOKUP($B22,'WILL TOKO SEP'!A23:AK762,37,0) -> #N/A | L22: DC | M22: M | N22: 46163 | O22: 46197 | P22: 46228 | Q22: 0 | R22: =IFERROR(VLOOKUP($B22,JADWAL!$G$6:$J$690,4,0),"") | S22: =COUNTIF(N22:P22,"0") -> 0 | U22: TOKO EKSIS | V22: NON ZONA HITAM | X22: odi
A23: =A22+1 -> 22 | B23: F5NN | C23: TUAKILANG - TABANAN | D23: S8 30 52.6 E115 07 50.8 | E23: 523170045 | F23: 3500000 | G23: JPT | H23: STN | I23: BALI | J23: TABANAN | K23: =VLOOKUP($B23,'WILL TOKO SEP'!A24:AK763,37,0) -> TABANAN | L23: DC | M23: M | N23: 46147 | O23: 0 | P23: 46223 | Q23: 0 | R23: =IFERROR(VLOOKUP($B23,JADWAL!$G$6:$J$690,4,0),"") | S23: =COUNTIF(N23:P23,"0") -> 1 | U23: TOKO EKSIS | V23: NON ZONA HITAM | X23: odi
A24: =A23+1 -> 23 | B24: F68A | C24: GILIMANUK - JEMBRANA | D24: S8 10 16.1 E114 26 08.7 | E24: 579041855 | F24: 4500000 | G24: SKI | H24: EKS | I24: BALI | J24: JEMBRANA | K24: =VLOOKUP($B24,'WILL TOKO SEP'!A25:AK764,37,0) -> #N/A | L24: DC | M24: M | N24: 46165 | O24: 0 | P24: 46225 | Q24: 46260 | R24: =IFERROR(VLOOKUP($B24,JADWAL!$G$6:$J$690,4,0),"") | S24: =COUNTIF(N24:P24,"0") -> 1 | U24: TOKO EKSIS | V24: NON ZONA HITAM | X24: odi
A25: =A24+1 -> 24 | B25: F6CV | C25: TUKAD IRAWADI NO 47 - DENPASAR | D25: S8 41 1.87 E115 13 17.62 | E25: 397294873 | F25: 2000000 | G25: DTO | H25: ANT | I25: BALI | J25: DENPASAR | K25: =VLOOKUP($B25,'WILL TOKO SEP'!A26:AK765,37,0) -> DENPASAR SELATAN | L25: IGR | M25: M | N25: 0 | O25: 46193 | P25: 0 | Q25: 46237 | R25: =IFERROR(VLOOKUP($B25,JADWAL!$G$6:$J$690,4,0),"") | S25: =COUNTIF(N25:P25,"0") -> 2 | U25: TOKO EKSIS | V25: NON ZONA HITAM | X25: #N/A
A26: =A25+1 -> 25 | B26: F6KP | C26: ANTASURA 60 - DENPASAR | D26: S8 36 59.9 E115 13 22.0 | E26: 457856762 | F26: 2000000 | G26: DTO | H26: IHN | I26: BALI | J26: DENPASAR | K26: =VLOOKUP($B26,'WILL TOKO SEP'!A27:AK766,37,0) -> DENPASAR UTARA | L26: DC | M26: M | N26: 46153 | O26: 46188 | P26: 46223 | Q26: 46245 | R26: =IFERROR(VLOOKUP($B26,JADWAL!$G$6:$J$690,4,0),"") | S26: =COUNTIF(N26:P26,"0") -> 0 | U26: TOKO EKSIS | V26: ZONA HITAM | X26: #N/A
A27: =A26+1 -> 26 | B27: F7PV | C27: SERIRIT KM 6 -SRA | D27: 8° 8'38.18"S 115° 3'2.63"E | E27: 463142088 | F27: 3000000 | G27: APA | H27: IBN | I27: BALI | J27: BULELENG | K27: =VLOOKUP($B27,'WILL TOKO SEP'!A28:AK767,37,0) -> BULELENG | L27: DC | M27: M | N27: 46148 | O27: 0 | P27: 46233 | Q27: 0 | R27: =IFERROR(VLOOKUP($B27,JADWAL!$G$6:$J$690,4,0),"") | S27: =COUNTIF(N27:P27,"0") -> 1 | U27: TOKO EKSIS | V27: NON ZONA HITAM | X27: bisma
A28: =A27+1 -> 27 | B28: F7Q6 | C28: BUANA PERMATA HIJAU - DPS | D28: 8°39'36.99"S 115°11'25.46"E | E28: 434381683 | F28: 2000000 | G28: THR | H28: WWD | I28: BALI | J28: DENPASAR | K28: =VLOOKUP($B28,'WILL TOKO SEP'!A29:AK768,37,0) -> DENPASAR BARAT | L28: DC | M28: M | N28: 46161 | O28: 46185 | P28: 46213 | Q28: 46247 | R28: =IFERROR(VLOOKUP($B28,JADWAL!$G$6:$J$690,4,0),"") | S28: =COUNTIF(N28:P28,"0") -> 0 | U28: TOKO EKSIS | V28: ZONA HITAM | X28: #N/A
A29: =A28+1 -> 28 | B29: F7W8 | C29: PC.RAYA LUWUS TBN | D29: 8°24'25.72"S 115°11'49.58"E | E29: 545249203 | F29: 2000000 | G29: LAO | H29: KAR | I29: BALI | J29: TABANAN | K29: =VLOOKUP($B29,'WILL TOKO SEP'!A30:AK769,37,0) -> Baturiti | L29: DC | M29: M | N29: 0 | O29: 46196 | P29: 46217 | Q29: 0 | R29: =IFERROR(VLOOKUP($B29,JADWAL!$G$6:$J$690,4,0),"") | S29: =COUNTIF(N29:P29,"0") -> 1 | U29: TOKO EKSIS | V29: NON ZONA HITAM | X29: odi
A30: =A29+1 -> 29 | B30: F887 | C30: GUMBRIH - JEMBRANA | D30: S8 26 33.7 E114 52 43.3 | E30: 453902361 | F30: 2500000 | G30: JPT | H30: GNA | I30: BALI | J30: JEMBRANA | K30: =VLOOKUP($B30,'WILL TOKO SEP'!A31:AK770,37,0) -> #N/A | L30: DC | M30: M | N30: 46151 | O30: 46193 | P30: 0 | Q30: 0 | R30: =IFERROR(VLOOKUP($B30,JADWAL!$G$6:$J$690,4,0),"") | S30: =COUNTIF(N30:P30,"0") -> 1 | U30: TOKO EKSIS | V30: NON ZONA HITAM | X30: odi
A31: =A30+1 -> 30 | B31: F8DK | C31: MUDING BATU_BADUNG | D31: 8°38'32.69"S 115°10'40.02"E | E31: 439366645 | F31: 2000000 | G31: THR | H31: WWD | I31: BALI | J31: BADUNG | K31: =VLOOKUP($B31,'WILL TOKO SEP'!A32:AK771,37,0) -> Kuta Utara | L31: DC | M31: M | N31: 0 | O31: 0 | P31: 46218 | Q31: 0 | R31: =IFERROR(VLOOKUP($B31,JADWAL!$G$6:$J$690,4,0),"") | S31: =COUNTIF(N31:P31,"0") -> 2 | U31: TOKO EKSIS | V31: NON ZONA HITAM | X31: abdul
A32: =A31+1 -> 31 | B32: F8YX | C32: SESETAN NO .239 DPS | D32: 8°42'23.28"S 115°13'13.14"E | E32: 424461364 | F32: 3000000 | G32: THJ | H32: MRI | I32: BALI | J32: DENPASAR | K32: =VLOOKUP($B32,'WILL TOKO SEP'!A33:AK772,37,0) -> DENPASAR SELATAN | L32: IGR | M32: M | N32: 46168 | O32: 46192 | P32: 46226 | Q32: 46240 | R32: =IFERROR(VLOOKUP($B32,JADWAL!$G$6:$J$690,4,0),"") -> 46272 | S32: =COUNTIF(N32:P32,"0") -> 0 | U32: TOKO EKSIS | V32: ZONA HITAM | X32: #N/A
A33: =A32+1 -> 32 | B33: F91E | C33: TIGA - BANGLI | D33: S8 23 1.12 E115 21 14.12 | E33: 453934758 | F33: 2000000 | G33: JUN | H33: TSD | I33: BALI | J33: BANGLI | K33: =VLOOKUP($B33,'WILL TOKO SEP'!A34:AK773,37,0) -> SUSUT | L33: DC | M33: M | N33: 46146 | O33: 46186 | P33: 0 | Q33: 46245 | R33: =IFERROR(VLOOKUP($B33,JADWAL!$G$6:$J$690,4,0),"") | S33: =COUNTIF(N33:P33,"0") -> 1 | U33: TOKO EKSIS | V33: NON ZONA HITAM | X33: #N/A
A34: =A33+1 -> 33 | B34: F93J | C34: HAYAM WURUK NO.80_DPS | D34: 8°39'26.71"S 115°13'51.83"E | E34: 428184261 | F34: 2500000 | G34: DTO | H34: ANT | I34: BALI | J34: DENPASAR | K34: =VLOOKUP($B34,'WILL TOKO SEP'!A35:AK774,37,0) -> DENPASAR TIMUR | L34: IGR | M34: M | N34: 46163 | O34: 46200 | P34: 46218 | Q34: 46242 | R34: =IFERROR(VLOOKUP($B34,JADWAL!$G$6:$J$690,4,0),"") | S34: =COUNTIF(N34:P34,"0") -> 0 | U34: TOKO EKSIS | V34: ZONA HITAM | X34: #N/A
A35: =A34+1 -> 34 | B35: F9BL | C35: PC.PC.BELIMBING RICE TERRACE TBN | D35: 8°23'35.65"S 115° 2'10.80"E | E35: 484653236 | F35: 2000000 | G35: JPT | H35: GNA | I35: BALI | J35: TABANAN | K35: =VLOOKUP($B35,'WILL TOKO SEP'!A36:AK775,37,0) -> Pupuan | L35: DC | M35: M | N35: 46170 | O35: 0 | P35: 0 | Q35: 46237 | R35: =IFERROR(VLOOKUP($B35,JADWAL!$G$6:$J$690,4,0),"") | S35: =COUNTIF(N35:P35,"0") -> 2 | U35: TOKO EKSIS | V35: NON ZONA HITAM | X35: #N/A
A36: =A35+1 -> 35 | B36: F9FD | C36: GUNUNG SALAK - DENPASAR | D36: S8 40 06.2 E115 10 40.7 | E36: 522986175 | F36: 3000000 | G36: THR | H36: WWD | I36: BALI | J36: DENPASAR | K36: =VLOOKUP($B36,'WILL TOKO SEP'!A37:AK776,37,0) -> DENPASAR UTARA | L36: DC | M36: M | N36: 46171 | O36: 0 | P36: 46233 | Q36: 0 | R36: =IFERROR(VLOOKUP($B36,JADWAL!$G$6:$J$690,4,0),"") | S36: =COUNTIF(N36:P36,"0") -> 1 | U36: TOKO EKSIS | V36: NON ZONA HITAM | X36: 0
A37: =A36+1 -> 36 | B37: F9JZ | C37: GLOGOR CARIK - DENPASAR | D37: S8 42 8.26 E115 11 26.40 | E37: 401185504 | F37: 3000000 | G37: THJ | H37: LKH | I37: BALI | J37: DENPASAR | K37: =VLOOKUP($B37,'WILL TOKO SEP'!A38:AK777,37,0) -> DENPASAR SELATAN | L37: IGR | M37: M | N37: 0 | O37: 46179 | P37: 0 | Q37: 0 | R37: =IFERROR(VLOOKUP($B37,JADWAL!$G$6:$J$690,4,0),"") | S37: =COUNTIF(N37:P37,"0") -> 2 | U37: TOKO EKSIS | V37: NON ZONA HITAM | X37: pasek
A38: =A37+1 -> 37 | B38: FA5A | C38: SUDIMARA - TABANAN | D38: S8 34 17.67 E115 5 17.42 | E38: 443708301 | F38: 4500000 | G38: JPT | H38: INP | I38: BALI | J38: TABANAN | K38: =VLOOKUP($B38,'WILL TOKO SEP'!A39:AK778,37,0) -> TABANAN | L38: DC | M38: M | N38: 46160 | O38: 46191 | P38: 46230 | Q38: 46239 | R38: =IFERROR(VLOOKUP($B38,JADWAL!$G$6:$J$690,4,0),"") | S38: =COUNTIF(N38:P38,"0") -> 0 | U38: TOKO EKSIS | V38: ZONA HITAM | X38: #N/A
A39: =A38+1 -> 38 | B39: FA84 | C39: PC.PC.PURA BATUKARU_TBN | D39: 8°26'14.32"S 115° 7'38.71"E | E39: 767214282 | F39: 3000000 | G39: JPT | H39: STN | I39: BALI | J39: TABANAN | K39: =VLOOKUP($B39,'WILL TOKO SEP'!A40:AK779,37,0) -> PENEBEL | L39: DC | M39: M | N39: 0 | O39: 46176 | P39: 46213 | Q39: 0 | R39: =IFERROR(VLOOKUP($B39,JADWAL!$G$6:$J$690,4,0),"") | S39: =COUNTIF(N39:P39,"0") -> 1 | U39: TOKO EKSIS | V39: NON ZONA HITAM | X39: odi
A40: =A39+1 -> 39 | B40: FAAD | C40: KUKUH MARGA - TABANAN | D40: S8 30 49.6 E115 09 29.1 | E40: 504012853 | F40: 3000000 | G40: JPT | H40: SFH | I40: BALI | J40: TABANAN | K40: =VLOOKUP($B40,'WILL TOKO SEP'!A41:AK780,37,0) -> MARGA | L40: DC | M40: M | N40: 0 | O40: 46185 | P40: 0 | Q40: 46245 | R40: =IFERROR(VLOOKUP($B40,JADWAL!$G$6:$J$690,4,0),"") | S40: =COUNTIF(N40:P40,"0") -> 2 | U40: TOKO EKSIS | V40: NON ZONA HITAM | X40: #N/A
A41: =A40+1 -> 40 | B41: FAAY | C41: PETANG - BADUNG | D41: S8 23 36.7 E115 13 07.6 | E41: 614489096 | F41: 3000000 | G41: LAO | H41: IWS | I41: BALI | J41: BADUNG | K41: =VLOOKUP($B41,'WILL TOKO SEP'!A42:AK781,37,0) -> PETANG | L41: DC | M41: M | N41: 0 | O41: 0 | P41: 46227 | Q41: 0 | R41: =IFERROR(VLOOKUP($B41,JADWAL!$G$6:$J$690,4,0),"") | S41: =COUNTIF(N41:P41,"0") -> 2 | U41: TOKO EKSIS | V41: NON ZONA HITAM | X41: abdul
A42: =A41+1 -> 41 | B42: FADG | C42: PC.PC.RAYA SELABIH - TABANAN | D42: 8°27'58.28"S 114°54'57.36"E | E42: 524852940 | F42: 2000000 | G42: JPT | H42: GNA | I42: BALI | J42: TABANAN | K42: =VLOOKUP($B42,'WILL TOKO SEP'!A43:AK782,37,0) -> SELEMADEG BARAT | L42: DC | M42: M | N42: 0 | O42: 46203 | P42: 0 | Q42: 0 | R42: =IFERROR(VLOOKUP($B42,JADWAL!$G$6:$J$690,4,0),"") | S42: =COUNTIF(N42:P42,"0") -> 2 | U42: TOKO EKSIS | V42: NON ZONA HITAM | X42: odi
A43: =A42+1 -> 42 | B43: FADM | C43: SEMPIDI 2 - BADUNG | D43: S8 36 27.0 E115 10 52.5 | E43: 498098933 | F43: 2500000 | G43: JPT | H43: MAS | I43: BALI | J43: BADUNG | K43: =VLOOKUP($B43,'WILL TOKO SEP'!A44:AK783,37,0) -> MENGWI | L43: DC | M43: M | N43: 46160 | O43: 0 | P43: 46216 | Q43: 0 | R43: =IFERROR(VLOOKUP($B43,JADWAL!$G$6:$J$690,4,0),"") | S43: =COUNTIF(N43:P43,"0") -> 1 | U43: TOKO EKSIS | V43: NON ZONA HITAM | X43: abdul
A44: =A43+1 -> 43 | B44: FAF8 | C44: PC.PC.BYPASS IDA BAGUS MANTRA PERING - GIANYAR | D44: 8°36'16.84"S 115°19'15.75"E | E44: 453420221 | F44: 2000000 | G44: ATN | H44: IPM | I44: BALI | J44: GIANYAR | K44: =VLOOKUP($B44,'WILL TOKO SEP'!A45:AK784,37,0) -> Blahbatuh | L44: IGR | M44: M | N44: 46170 | O44: 46200 | P44: 0 | Q44: 46258 | R44: =IFERROR(VLOOKUP($B44,JADWAL!$G$6:$J$690,4,0),"") | S44: =COUNTIF(N44:P44,"0") -> 1 | U44: TOKO EKSIS | V44: NON ZONA HITAM | X44: ardian
A45: =A44+1 -> 44 | B45: FAFH | C45: PERUM DALUNG PERMAI_BDG | D45: 8°37'42.80"S 115°10'10.76"E | E45: 493957221 | F45: 2500000 | G45: THR | H45: IGS | I45: BALI | J45: BADUNG | K45: =VLOOKUP($B45,'WILL TOKO SEP'!A46:AK785,37,0) -> KUTA UTARA | L45: DC | M45: M | N45: 0 | O45: 46195 | P45: 46231 | Q45: 0 | R45: =IFERROR(VLOOKUP($B45,JADWAL!$G$6:$J$690,4,0),"") | S45: =COUNTIF(N45:P45,"0") -> 1 | U45: TOKO EKSIS | V45: NON ZONA HITAM | X45: abdul
A46: =A45+1 -> 45 | B46: FAH8 | C46: PC.PC.RAYA PUNCAK MANGGU - BDG | D46: 8°17'43.57"S 115°13'29.63"E | E46: 652843769 | F46: 3000000 | G46: LAO | H46: IWS | I46: BALI | J46: BADUNG | K46: =VLOOKUP($B46,'WILL TOKO SEP'!A47:AK786,37,0) -> PETANG | L46: DC | M46: M | N46: 0 | O46: 0 | P46: 46214 | Q46: 0 | R46: =IFERROR(VLOOKUP($B46,JADWAL!$G$6:$J$690,4,0),"") -> 46268 | S46: =COUNTIF(N46:P46,"0") -> 2 | U46: TOKO EKSIS | V46: NON ZONA HITAM | X46: abdul
A47: =A46+1 -> 46 | B47: FAIS | C47: TEGALALANG - GIANYAR | D47: S8 27 17.28 E115 16 45.36 | E47: 405385579 | F47: 3000000 | G47: ATN | H47: IGJ | I47: BALI | J47: GIANYAR | K47: =VLOOKUP($B47,'WILL TOKO SEP'!A48:AK787,37,0) -> Tegallalang | L47: IGR | M47: M | N47: 0 | O47: 46183 | P47: 46228 | Q47: 0 | R47: =IFERROR(VLOOKUP($B47,JADWAL!$G$6:$J$690,4,0),"") | S47: =COUNTIF(N47:P47,"0") -> 1 | U47: TOKO EKSIS | V47: NON ZONA HITAM | X47: ardian
A48: =A47+1 -> 47 | B48: FAOG | C48: PC.RAYA SEMPIDI - BDG | D48: 8°36'38.40"S115°11'29.67"E | E48: 514203396 | F48: 2000000 | G48: JPT | H48: MAS | I48: BALI | J48: BADUNG | K48: =VLOOKUP($B48,'WILL TOKO SEP'!A49:AK788,37,0) -> Mengwi | L48: DC | M48: M | N48: 0 | O48: 0 | P48: 46209 | Q48: 0 | R48: =IFERROR(VLOOKUP($B48,JADWAL!$G$6:$J$690,4,0),"") | S48: =COUNTIF(N48:P48,"0") -> 2 | U48: TOKO EKSIS | V48: NON ZONA HITAM | X48: abdul
A49: =A48+1 -> 48 | B49: FAOH | C49: UDAYANA_GIANYAR | D49: 8°33'4.60"S 115°18'10.50"E | E49: 371859378 | F49: 2000000 | G49: ATN | H49: MKH | I49: BALI | J49: GIANYAR | K49: =VLOOKUP($B49,'WILL TOKO SEP'!A50:AK789,37,0) -> BLAHBATUH | L49: IGR | M49: M | N49: 0 | O49: 46175 | P49: 46213 | Q49: 0 | R49: =IFERROR(VLOOKUP($B49,JADWAL!$G$6:$J$690,4,0),"") | S49: =COUNTIF(N49:P49,"0") -> 1 | U49: TOKO EKSIS | V49: NON ZONA HITAM | X49: ardian
A50: =A49+1 -> 49 | B50: FAPA | C50: TEGEH SARI - DENPASAR | D50: S8 37 54.52 E115 13 15.08 | E50: 565964426 | F50: 3000000 | G50: DTO | H50: IHN | I50: BALI | J50: DENPASAR | K50: =VLOOKUP($B50,'WILL TOKO SEP'!A51:AK790,37,0) -> DENPASAR UTARA | L50: DC | M50: M | N50: 0 | O50: 0 | P50: 46207 | Q50: 0 | R50: =IFERROR(VLOOKUP($B50,JADWAL!$G$6:$J$690,4,0),"") | S50: =COUNTIF(N50:P50,"0") -> 2 | U50: TOKO EKSIS | V50: NON ZONA HITAM | X50: 0
A51: =A50+1 -> 50 | B51: FAVO | C51: BATU BULAN 2 - GIANYAR | D51: S8 36 48.7 E115 15 12.6 | E51: 373193234 | F51: 2500000 | G51: ATN | H51: IPM | I51: BALI | J51: GIANYAR | K51: =VLOOKUP($B51,'WILL TOKO SEP'!A52:AK791,37,0) -> SUKAWATI | L51: IGR | M51: M | N51: 46168 | O51: 0 | P51: 46204 | Q51: 0 | R51: =IFERROR(VLOOKUP($B51,JADWAL!$G$6:$J$690,4,0),"") -> 46266 | S51: =COUNTIF(N51:P51,"0") -> 1 | U51: TOKO EKSIS | V51: NON ZONA HITAM | X51: ardian
A52: =A51+1 -> 51 | B52: FAWE | C52: PC.PC.PANDU - BADUNG | D52: S8 37 00.2 E115 10 04.3 | E52: 557818609 | F52: 3000000 | G52: MIL | H52: ERI | I52: BALI | J52: BADUNG | K52: =VLOOKUP($B52,'WILL TOKO SEP'!A53:AK792,37,0) -> KUTA UTARA | L52: DC | M52: M | N52: 0 | O52: 0 | P52: 46218 | Q52: 0 | R52: =IFERROR(VLOOKUP($B52,JADWAL!$G$6:$J$690,4,0),"") | S52: =COUNTIF(N52:P52,"0") -> 2 | U52: TOKO EKSIS | V52: NON ZONA HITAM | X52: abdul
A53: =A52+1 -> 52 | B53: FBAS | C53: TUKAD UNDA - DENPASAR | D53: S8 40 35.77 E115 13 55.65 | E53: 384306816 | F53: 2500000 | G53: THJ | H53: AMP | I53: BALI | J53: DENPASAR | K53: =VLOOKUP($B53,'WILL TOKO SEP'!A54:AK793,37,0) -> DENPASAR SELATAN | L53: IGR | M53: M | N53: 0 | O53: 0 | P53: 46204 | Q53: 46245 | R53: =IFERROR(VLOOKUP($B53,JADWAL!$G$6:$J$690,4,0),"") | S53: =COUNTIF(N53:P53,"0") -> 2 | U53: TOKO EKSIS | V53: ZONA HITAM | X53: #N/A
A54: =A53+1 -> 53 | B54: FBIE | C54: YCG.RAYA IR. SUTAMI - GYR | D54: 8°33'51.05"S 115°17'10.57"E | E54: 373911812 | F54: 2000000 | G54: ATN | H54: IKS | I54: BALI | J54: GIANYAR | K54: =VLOOKUP($B54,'WILL TOKO SEP'!A55:AK794,37,0) -> Sukawati | L54: IGR | M54: M | N54: 0 | O54: 46176 | P54: 0 | Q54: 46249 | R54: =IFERROR(VLOOKUP($B54,JADWAL!$G$6:$J$690,4,0),"") | S54: =COUNTIF(N54:P54,"0") -> 2 | U54: TOKO EKSIS | V54: NON ZONA HITAM | X54: #N/A
A55: =A54+1 -> 54 | B55: FBWE | C55: PC.PC.RAYA SILAKARANG GYR | D55: 8°33'15.15"S115°15'6.89"E | E55: 439164423 | F55: 2000000 | G55: DTO | H55: GMJ | I55: BALI | J55: GIANYAR | K55: =VLOOKUP($B55,'WILL TOKO SEP'!A56:AK795,37,0) -> Sukawati | L55: IGR | M55: M | N55: 0 | O55: 0 | P55: 46213 | Q55: 0 | R55: =IFERROR(VLOOKUP($B55,JADWAL!$G$6:$J$690,4,0),"") | S55: =COUNTIF(N55:P55,"0") -> 2 | U55: TOKO EKSIS | V55: NON ZONA HITAM | X55: ardian
A56: =A55+1 -> 55 | B56: FC0K | C56: YCG.KI BARAK PANJI - SINGARAJA | D56: 8° 8'39.12"S 115° 4'59.71"E | E56: 421753712 | F56: 2000000 | G56: APA | H56: AMN | I56: BALI | J56: BULELENG | K56: =VLOOKUP($B56,'WILL TOKO SEP'!A57:AK796,37,0) -> Sukasada | L56: DC | M56: M | N56: 46161 | O56: 46195 | P56: 46226 | Q56: 46261 | R56: =IFERROR(VLOOKUP($B56,JADWAL!$G$6:$J$690,4,0),"") | S56: =COUNTIF(N56:P56,"0") -> 0 | U56: TOKO EKSIS | V56: NON ZONA HITAM | X56: bisma
A57: =A56+1 -> 56 | B57: FCCF | C57: PEREAN TENGAH - TABANAN | D57: S8 26 08.6 E115 11 51.1 | E57: 454390211 | F57: 2500000 | G57: LAO | H57: KAR | I57: BALI | J57: TABANAN | K57: =VLOOKUP($B57,'WILL TOKO SEP'!A58:AK797,37,0) -> BATURITI | L57: DC | M57: M | N57: 0 | O57: 46175 | P57: 0 | Q57: 46238 | R57: =IFERROR(VLOOKUP($B57,JADWAL!$G$6:$J$690,4,0),"") -> 46267 | S57: =COUNTIF(N57:P57,"0") -> 2 | U57: TOKO EKSIS | V57: NON ZONA HITAM | X57: #N/A
A58: =A57+1 -> 57 | B58: FCD5 | C58: BALER BALE AGUNG - JBN | D58: S8 21 25.27 E114 37 19.26 | E58: 446187546 | F58: 2000000 | G58: SKI | H58: EKS | I58: BALI | J58: JEMBRANA | K58: =VLOOKUP($B58,'WILL TOKO SEP'!A59:AK798,37,0) -> NEGARA | L58: DC | M58: M | N58: 46162 | O58: 46199 | P58: 46227 | Q58: 46261 | R58: =IFERROR(VLOOKUP($B58,JADWAL!$G$6:$J$690,4,0),"") | S58: =COUNTIF(N58:P58,"0") -> 0 | U58: TOKO EKSIS | V58: NON ZONA HITAM | X58: odi
A59: =A58+1 -> 58 | B59: FCME | C59: RAYA SINGAPADU_GYR | D59: 8°35'33.18"S 115°15'38.52"E | E59: 403865605 | F59: 2000000 | G59: ATN | H59: MRS | I59: BALI | J59: GIANYAR | K59: =VLOOKUP($B59,'WILL TOKO SEP'!A60:AK799,37,0) -> SUKAWATI | L59: IGR | M59: M | N59: 46158 | O59: 46191 | P59: 46226 | Q59: 46240 | R59: =IFERROR(VLOOKUP($B59,JADWAL!$G$6:$J$690,4,0),"") -> 46269 | S59: =COUNTIF(N59:P59,"0") -> 0 | U59: TOKO EKSIS | V59: ZONA HITAM | X59: #N/A
A60: =A59+1 -> 59 | B60: FCUU | C60: SIDAN - GIANYAR | D60: S8 31 52.8 E115 20 54.5 | E60: 394684452 | F60: 2500000 | G60: JUN | H60: IKN | I60: BALI | J60: GIANYAR | K60: =VLOOKUP($B60,'WILL TOKO SEP'!A61:AK800,37,0) -> GIANYAR | L60: IGR | M60: M | N60: 0 | O60: 0 | P60: 46211 | Q60: 0 | R60: =IFERROR(VLOOKUP($B60,JADWAL!$G$6:$J$690,4,0),"") | S60: =COUNTIF(N60:P60,"0") -> 2 | U60: TOKO EKSIS | V60: NON ZONA HITAM | X60: ardian
A61: =A60+1 -> 60 | B61: FCZ5 | C61: PUPUAN - TABANAN | D61: S8 19 04.2 E115 00 23.4 | E61: 758670405 | F61: 3000000 | G61: JPT | H61: GNA | I61: BALI | J61: TABANAN | K61: =VLOOKUP($B61,'WILL TOKO SEP'!A62:AK801,37,0) -> #N/A | L61: DC | M61: M | N61: 46148 | O61: 0 | P61: 0 | Q61: 46240 | R61: =IFERROR(VLOOKUP($B61,JADWAL!$G$6:$J$690,4,0),"") | S61: =COUNTIF(N61:P61,"0") -> 2 | U61: TOKO EKSIS | V61: NON ZONA HITAM | X61: #N/A
A62: =A61+1 -> 61 | B62: FD2P | C62: KELIKI_GIANYAR | D62: 8°26'49.70"S 115°15'47.29"E | E62: 560551016 | F62: 2000000 | G62: JUN | H62: TSD | I62: BALI | J62: GIANYAR | K62: =VLOOKUP($B62,'WILL TOKO SEP'!A63:AK802,37,0) -> Tegallalang | L62: DC | M62: M | N62: 0 | O62: 0 | P62: 46230 | Q62: 0 | R62: =IFERROR(VLOOKUP($B62,JADWAL!$G$6:$J$690,4,0),"") | S62: =COUNTIF(N62:P62,"0") -> 2 | U62: TOKO EKSIS | V62: NON ZONA HITAM | X62: ardian
A63: =A62+1 -> 62 | B63: FD44 | C63: COKROAMINOTO - DENPASAR | D63: S8 37 40.0 E115 12 02.6 | E63: 439318974 | F63: 3000000 | G63: JPT | H63: MAS | I63: BALI | J63: DENPASAR | K63: =VLOOKUP($B63,'WILL TOKO SEP'!A64:AK803,37,0) -> DENPASAR UTARA | L63: DC | M63: M | N63: 46170 | O63: 46190 | P63: 0 | Q63: 0 | R63: =IFERROR(VLOOKUP($B63,JADWAL!$G$6:$J$690,4,0),"") | S63: =COUNTIF(N63:P63,"0") -> 1 | U63: TOKO EKSIS | V63: NON ZONA HITAM | X63: pasek
A64: =A63+1 -> 63 | B64: FDDY | C64: GATSU TIMUR NO. 100 X DPS | D64: S8 38 8.28 E115 14 31.75 | E64: 299927504 | F64: 2000000 | G64: SKI | H64: KDI | I64: BALI | J64: DENPASAR | K64: =VLOOKUP($B64,'WILL TOKO SEP'!A65:AK804,37,0) -> DENPASAR TIMUR | L64: IGR | M64: M | N64: 0 | O64: 46181 | P64: 46217 | Q64: 46246 | R64: =IFERROR(VLOOKUP($B64,JADWAL!$G$6:$J$690,4,0),"") | S64: =COUNTIF(N64:P64,"0") -> 1 | U64: TOKO EKSIS | V64: NON ZONA HITAM | X64: #N/A
A65: =A64+1 -> 64 | B65: FDN4 | C65: KETEWEL - GIANYAR | D65: S8 38 14.3 E115 16 50.2 | E65: 381283905 | F65: 3000000 | G65: ATN | H65: IPM | I65: BALI | J65: GIANYAR | K65: =VLOOKUP($B65,'WILL TOKO SEP'!A66:AK805,37,0) -> SUKAWATI | L65: IGR | M65: M | N65: 0 | O65: 0 | P65: 46210 | Q65: 0 | R65: =IFERROR(VLOOKUP($B65,JADWAL!$G$6:$J$690,4,0),"") | S65: =COUNTIF(N65:P65,"0") -> 2 | U65: TOKO EKSIS | V65: NON ZONA HITAM | X65: ardian
A66: =A65+1 -> 65 | B66: FDRS | C66: GAJAH MADA - JEMBRANA | D66: S8 21 52.4 E114 39 18.9 | E66: 372434252 | F66: 2000000 | G66: JPT | H66: GNA | I66: BALI | J66: JEMBRANA | K66: =VLOOKUP($B66,'WILL TOKO SEP'!A67:AK806,37,0) -> JEMBRANA | L66: DC | M66: M | N66: 46162 | O66: 46198 | P66: 46226 | Q66: 0 | R66: =IFERROR(VLOOKUP($B66,JADWAL!$G$6:$J$690,4,0),"") | S66: =COUNTIF(N66:P66,"0") -> 0 | U66: TOKO EKSIS | V66: NON ZONA HITAM | X66: odi
A67: =A66+1 -> 66 | B67: FDRX | C67: CEKOMARIA_DPS | D67: 8°36'52.45"S 115°13'35.22"E | E67: 455975365 | F67: 2000000 | G67: DTO | H67: IHN | I67: BALI | J67: DENPASAR | K67: =VLOOKUP($B67,'WILL TOKO SEP'!A68:AK807,37,0) -> Denpasar Utara | L67: DC | M67: M | N67: 0 | O67: 0 | P67: 46212 | Q67: 0 | R67: =IFERROR(VLOOKUP($B67,JADWAL!$G$6:$J$690,4,0),"") | S67: =COUNTIF(N67:P67,"0") -> 2 | U67: TOKO EKSIS | V67: NON ZONA HITAM | X67: 0
A68: =A67+1 -> 67 | B68: FE70 | C68: TAMAN GRIYA - BADUNG | D68: S8 47 59.0 E115 11 07.1 | E68: 435713453 | F68: 3000000 | G68: MIL | H68: REN | I68: BALI | J68: BADUNG | K68: =VLOOKUP($B68,'WILL TOKO SEP'!A69:AK808,37,0) -> #N/A | L68: IGR | M68: M | N68: 0 | O68: 46177 | P68: 0 | Q68: 46244 | R68: =IFERROR(VLOOKUP($B68,JADWAL!$G$6:$J$690,4,0),"") | S68: =COUNTIF(N68:P68,"0") -> 2 | U68: TOKO EKSIS | V68: NON ZONA HITAM | X68: #N/A
A69: =A68+1 -> 68 | B69: FE7O | C69: PALAPA NO 55 - DENPASAR | D69: S842 17.85 E115 13 25.19 | E69: 452965245 | F69: 3000000 | G69: DTO | H69: ANT | I69: BALI | J69: DENPASAR | K69: =VLOOKUP($B69,'WILL TOKO SEP'!A70:AK809,37,0) -> DENPASAR SELATAN | L69: IGR | M69: M | N69: 46153 | O69: 46191 | P69: 46220 | Q69: 46240 | R69: =IFERROR(VLOOKUP($B69,JADWAL!$G$6:$J$690,4,0),"") | S69: =COUNTIF(N69:P69,"0") -> 0 | U69: TOKO EKSIS | V69: ZONA HITAM | X69: #N/A
A70: =A69+1 -> 69 | B70: FEEI | C70: BANJAR SATRIA - JEMBRANA | D70: S8 21 27.4 E114 37 38.3 | E70: 393988598 | F70: 2000000 | G70: SKI | H70: EKS | I70: BALI | J70: JEMBRANA | K70: =VLOOKUP($B70,'WILL TOKO SEP'!A71:AK810,37,0) -> JEMBRANA | L70: DC | M70: M | N70: 46151 | O70: 46197 | P70: 46227 | Q70: 46261 | R70: =IFERROR(VLOOKUP($B70,JADWAL!$G$6:$J$690,4,0),"") | S70: =COUNTIF(N70:P70,"0") -> 0 | U70: TOKO EKSIS | V70: NON ZONA HITAM | X70: odi
A71: =A70+1 -> 70 | B71: FEEO | C71: WR SUPRATMAN - DENPASAR | D71: S8 38 10.7 E115 15 19.1 | E71: 397418258 | F71: 2000000 | G71: THJ | H71: AMP | I71: BALI | J71: DENPASAR | K71: =VLOOKUP($B71,'WILL TOKO SEP'!A72:AK811,37,0) -> DENPASAR TIMUR | L71: IGR | M71: M | N71: 46167 | O71: 46192 | P71: 46233 | Q71: 46248 | R71: =IFERROR(VLOOKUP($B71,JADWAL!$G$6:$J$690,4,0),"") | S71: =COUNTIF(N71:P71,"0") -> 0 | U71: TOKO EKSIS | V71: ZONA HITAM | X71: #N/A
A72: =A71+1 -> 71 | B72: FEPF | C72: ANGANTAKA 2 - BADUNG | D72: S8 35 01.5 E115 14 23.0 | E72: 526837413 | F72: 2500000 | G72: DTO | H72: GMJ | I72: BALI | J72: BADUNG | K72: =VLOOKUP($B72,'WILL TOKO SEP'!A73:AK812,37,0) -> ABIANSEMAL | L72: DC | M72: M | N72: 46164 | O72: 46188 | P72: 46225 | Q72: 0 | R72: =IFERROR(VLOOKUP($B72,JADWAL!$G$6:$J$690,4,0),"") | S72: =COUNTIF(N72:P72,"0") -> 0 | U72: TOKO EKSIS | V72: NON ZONA HITAM | X72: abdul
A73: =A72+1 -> 72 | B73: FEPR | C73: PC.PC.RAYA MANGGIS - KSM | D73: 8°29'46.53"S 115°31'40.05"E | E73: 572597823 | F73: 2000000 | G73: JUN | H73: IDA | I73: BALI | J73: KARANGASEM | K73: =VLOOKUP($B73,'WILL TOKO SEP'!A74:AK813,37,0) -> Manggis | L73: DC | M73: M | N73: 0 | O73: 46202 | P73: 0 | Q73: 0 | R73: =IFERROR(VLOOKUP($B73,JADWAL!$G$6:$J$690,4,0),"") | S73: =COUNTIF(N73:P73,"0") -> 2 | U73: TOKO EKSIS | V73: NON ZONA HITAM | X73: ardian
A74: =A73+1 -> 73 | B74: FFD8 | C74: DARMAWANGSA - BADUNG | D74: S8 48 21.8 E115 12 09.1 | E74: 464556860 | F74: 4000000 | G74: MIL | H74: ARH | I74: BALI | J74: BADUNG | K74: =VLOOKUP($B74,'WILL TOKO SEP'!A75:AK814,37,0) -> KUTA SELATAN | L74: IGR | M74: M | N74: 46147 | O74: 0 | P74: 0 | Q74: 46237 | R74: =IFERROR(VLOOKUP($B74,JADWAL!$G$6:$J$690,4,0),"") | S74: =COUNTIF(N74:P74,"0") -> 2 | U74: TOKO EKSIS | V74: NON ZONA HITAM | X74: #N/A
A75: =A74+1 -> 74 | B75: FFEN | C75: GUNUNG BATUR - BANGLI | D75: S8 15 13.6 E115 20 01.4 | E75: 413955212 | F75: 2500000 | G75: JUN | H75: MRZ | I75: BALI | J75: BANGLI | K75: =VLOOKUP($B75,'WILL TOKO SEP'!A76:AK815,37,0) -> KINTAMANI | L75: DC | M75: M | N75: 46157 | O75: 46195 | P75: 46220 | Q75: 0 | R75: =IFERROR(VLOOKUP($B75,JADWAL!$G$6:$J$690,4,0),"") | S75: =COUNTIF(N75:P75,"0") -> 0 | U75: TOKO EKSIS | V75: NON ZONA HITAM | X75: ardian
A76: =A75+1 -> 75 | B76: FFG0 | C76: TANGKUBAN PERAHU NO 111D -DPS | D76: 8°39'46.85"S 115°10'50.06"E | E76: 582084052 | F76: 3000000 | G76: THR | H76: WWD | I76: BALI | J76: DENPASAR | K76: =VLOOKUP($B76,'WILL TOKO SEP'!A77:AK816,37,0) -> DENPASAR BARAT | L76: DC | M76: M | N76: 46144 | O76: 46186 | P76: 46231 | Q76: 46248 | R76: =IFERROR(VLOOKUP($B76,JADWAL!$G$6:$J$690,4,0),"") -> 46268 | S76: =COUNTIF(N76:P76,"0") -> 0 | U76: TOKO EKSIS | V76: ZONA HITAM | X76: #N/A
A77: =A76+1 -> 76 | B77: FFOA | C77: KAYUAMBUA - BANGLI | D77: S8 21 46.4 E115 20 45.2 | E77: 492608453 | F77: 3000000 | G77: JUN | H77: TSD | I77: BALI | J77: BANGLI | K77: =VLOOKUP($B77,'WILL TOKO SEP'!A78:AK817,37,0) -> SUSUT | L77: DC | M77: M | N77: 46146 | O77: 0 | P77: 46206 | Q77: 0 | R77: =IFERROR(VLOOKUP($B77,JADWAL!$G$6:$J$690,4,0),"") | S77: =COUNTIF(N77:P77,"0") -> 1 | U77: TOKO EKSIS | V77: NON ZONA HITAM | X77: ardian
A78: =A77+1 -> 77 | B78: FFZ4 | C78: LUKLUK - BADUNG | D78: S8 35 18.4 E115 11 13.2 | E78: 412063699 | F78: 2000000 | G78: LAO | H78: SAM | I78: BALI | J78: BADUNG | K78: =VLOOKUP($B78,'WILL TOKO SEP'!A79:AK818,37,0) -> MENGWI | L78: DC | M78: M | N78: 0 | O78: 0 | P78: 46209 | Q78: 46244 | R78: =IFERROR(VLOOKUP($B78,JADWAL!$G$6:$J$690,4,0),"") | S78: =COUNTIF(N78:P78,"0") -> 2 | U78: TOKO EKSIS | V78: NON ZONA HITAM | X78: #N/A
A79: =A78+1 -> 78 | B79: FG68 | C79: WARIBANG - DPS | D79: 8°39'2.41"S 115°14'59.50"E | E79: 417363580 | F79: 2000000 | G79: THJ | H79: AMP | I79: BALI | J79: DENPASAR | K79: =VLOOKUP($B79,'WILL TOKO SEP'!A80:AK819,37,0) -> DENPASAR TIMUR | L79: IGR | M79: M | N79: 0 | O79: 0 | P79: 46210 | Q79: 46237 | R79: =IFERROR(VLOOKUP($B79,JADWAL!$G$6:$J$690,4,0),"") | S79: =COUNTIF(N79:P79,"0") -> 2 | U79: TOKO EKSIS | V79: NON ZONA HITAM | X79: #N/A
A80: =A79+1 -> 79 | B80: FGD1 | C80: PC.PC.RAYA BUNUTAN - GIANYAR | D80: 8°28'15.55"S 115°14'58.41"E | E80: 447445521 | F80: 2000000 | G80: SKI | H80: ISN | I80: BALI | J80: GIANYAR | K80: =VLOOKUP($B80,'WILL TOKO SEP'!A81:AK820,37,0) -> Ubud | L80: IGR | M80: M | N80: 0 | O80: 0 | P80: 46209 | Q80: 46244 | R80: =IFERROR(VLOOKUP($B80,JADWAL!$G$6:$J$690,4,0),"") | S80: =COUNTIF(N80:P80,"0") -> 2 | U80: TOKO EKSIS | V80: NON ZONA HITAM | X80: #N/A
A81: =A80+1 -> 80 | B81: FGFU | C81: DEN KAYU 2 - BADUNG | D81: S8 31 32.4 E115 10 22.2 | E81: 434892380 | F81: 2500000 | G81: LAO | H81: JSR | I81: BALI | J81: BADUNG | K81: =VLOOKUP($B81,'WILL TOKO SEP'!A82:AK821,37,0) -> MENGWI | L81: DC | M81: M | N81: 46171 | O81: 0 | P81: 46206 | Q81: 46249 | R81: =IFERROR(VLOOKUP($B81,JADWAL!$G$6:$J$690,4,0),"") | S81: =COUNTIF(N81:P81,"0") -> 1 | U81: TOKO EKSIS | V81: NON ZONA HITAM | X81: #N/A
A82: =A81+1 -> 81 | B82: FGNM | C82: MELINGGIH KELOD - GIANYAR | D82: S8 27 00.2 E115 14 33.0 | E82: 447518186 | F82: 2500000 | G82: ATN | H82: IGJ | I82: BALI | J82: GIANYAR | K82: =VLOOKUP($B82,'WILL TOKO SEP'!A83:AK822,37,0) -> PAYANGAN | L82: IGR | M82: M | N82: 0 | O82: 0 | P82: 46209 | Q82: 46244 | R82: =IFERROR(VLOOKUP($B82,JADWAL!$G$6:$J$690,4,0),"") | S82: =COUNTIF(N82:P82,"0") -> 2 | U82: TOKO EKSIS | V82: ZONA HITAM | X82: #N/A
A83: =A82+1 -> 82 | B83: FGRE | C83: BY PASS NGURAH RAI - DENPASAR | D83: S8 43 9.92 E115 11 57.89 | E83: 384878412 | F83: 2500000 | G83: THJ | H83: LKH | I83: BALI | J83: DENPASAR | K83: =VLOOKUP($B83,'WILL TOKO SEP'!A84:AK823,37,0) -> DENPASAR SELATAN | L83: IGR | M83: M | N83: 0 | O83: 0 | P83: 46204 | Q83: 46247 | R83: =IFERROR(VLOOKUP($B83,JADWAL!$G$6:$J$690,4,0),"") | S83: =COUNTIF(N83:P83,"0") -> 2 | U83: TOKO EKSIS | V83: NON ZONA HITAM | X83: #N/A
A84: =A83+1 -> 83 | B84: FGYD | C84: MAHENDRADATTA UTARA 101 DPS | D84: S8 39 26.46 E115 11 29.07 | E84: 442502305 | F84: 2000000 | G84: THR | H84: KSM | I84: BALI | J84: DENPASAR | K84: =VLOOKUP($B84,'WILL TOKO SEP'!A85:AK824,37,0) -> DENPASAR BARAT | L84: DC | M84: M | N84: 46153 | O84: 0 | P84: 46213 | Q84: 46247 | R84: =IFERROR(VLOOKUP($B84,JADWAL!$G$6:$J$690,4,0),"") | S84: =COUNTIF(N84:P84,"0") -> 1 | U84: TOKO EKSIS | V84: ZONA HITAM | X84: #N/A
A85: =A84+1 -> 84 | B85: FH20 | C85: KEMBANG MATAHARI - DENPASAR | D85: S8 39 11.87 E115 14 22.81 | E85: 405410896 | F85: 2000000 | G85: DTO | H85: ADR | I85: BALI | J85: DENPASAR | K85: =VLOOKUP($B85,'WILL TOKO SEP'!A86:AK825,37,0) -> DENPASAR TIMUR | L85: IGR | M85: M | N85: 0 | O85: 0 | P85: 46226 | Q85: 46248 | R85: =IFERROR(VLOOKUP($B85,JADWAL!$G$6:$J$690,4,0),"") | S85: =COUNTIF(N85:P85,"0") -> 2 | U85: TOKO EKSIS | V85: NON ZONA HITAM | X85: #N/A
A86: =A85+1 -> 85 | B86: FHO2 | C86: YCG.RAYA BELANTIH_BANGLI | D86: 8°13'17.88"S 115°16'16.48"E | E86: 583624164 | F86: 2500000 | G86: JUN | H86: TSD | I86: BALI | J86: BANGLI | K86: =VLOOKUP($B86,'WILL TOKO SEP'!A87:AK826,37,0) -> KINTAMANI | L86: DC | M86: M | N86: 46167 | O86: 0 | P86: 46231 | Q86: 0 | R86: =IFERROR(VLOOKUP($B86,JADWAL!$G$6:$J$690,4,0),"") | S86: =COUNTIF(N86:P86,"0") -> 1 | U86: TOKO EKSIS | V86: NON ZONA HITAM | X86: ardian
A87: =A86+1 -> 86 | B87: FHX6 | C87: RAYA SANGEH - BADUNG | D87: S8 28 51.21 E115 12 33.23 | E87: 497664389 | F87: 2500000 | G87: LAO | H87: IWS | I87: BALI | J87: BADUNG | K87: =VLOOKUP($B87,'WILL TOKO SEP'!A88:AK827,37,0) -> ABIANSEMAL | L87: DC | M87: M | N87: 0 | O87: 0 | P87: 46213 | Q87: 0 | R87: =IFERROR(VLOOKUP($B87,JADWAL!$G$6:$J$690,4,0),"") | S87: =COUNTIF(N87:P87,"0") -> 2 | U87: TOKO EKSIS | V87: NON ZONA HITAM | X87: abdul
A88: =A87+1 -> 87 | B88: TYXM | C88: SAMU - BADUNG | D88: S8 33 03.0 E115 13 33.0 | E88: 0 | F88: 0 | G88: #N/A | H88: #N/A | I88: BALI | J88: BADUNG | K88: =VLOOKUP($B88,'WILL TOKO SEP'!A89:AK828,37,0) -> ABIANSEMAL | L88: DC | M88: M | N88: 0 | O88: 46186 | P88: 46224 | Q88: 46245 | R88: =IFERROR(VLOOKUP($B88,JADWAL!$G$6:$J$690,4,0),"") | S88: =COUNTIF(N88:P88,"0") -> 1 | U88: TOKO EKSIS | V88: NON ZONA HITAM | X88: #N/A
A89: =A88+1 -> 88 | B89: FI1W | C89: PC.BUDUK - BADUNG | D89: S8 36 22.3 E115 09 52.4 | E89: 725957831 | F89: 4500000 | G89: LAO | H89: SAM | I89: BALI | J89: BADUNG | K89: =VLOOKUP($B89,'WILL TOKO SEP'!A90:AK829,37,0) -> #N/A | L89: DC | M89: M | N89: 46160 | O89: 46195 | P89: 46217 | Q89: 46247 | R89: =IFERROR(VLOOKUP($B89,JADWAL!$G$6:$J$690,4,0),"") | S89: =COUNTIF(N89:P89,"0") -> 0 | U89: TOKO EKSIS | V89: ZONA HITAM | X89: #N/A
A90: =A89+1 -> 89 | B90: FIFF | C90: BANYUPOH - SINGARAJA | D90: S8 09 02.8 E114 41 49.8 | E90: 468317347 | F90: 2500000 | G90: APA | H90: IBN | I90: BALI | J90: BULELENG | K90: =VLOOKUP($B90,'WILL TOKO SEP'!A91:AK830,37,0) -> GEROKGAK | L90: DC | M90: M | N90: 46163 | O90: 0 | P90: 46216 | Q90: 46260 | R90: =IFERROR(VLOOKUP($B90,JADWAL!$G$6:$J$690,4,0),"") | S90: =COUNTIF(N90:P90,"0") -> 1 | U90: TOKO EKSIS | V90: NON ZONA HITAM | X90: bisma
A91: =A90+1 -> 90 | B91: FIJJ | C91: BANJAR ALANGKAJENG - BADUNG | D91: S8 32 44.3 E115 10 12.1 | E91: 582592825 | F91: 3500000 | G91: LAO | H91: JSR | I91: BALI | J91: BADUNG | K91: =VLOOKUP($B91,'WILL TOKO SEP'!A92:AK831,37,0) -> MENGWI | L91: DC | M91: M | N91: 0 | O91: 0 | P91: 46207 | Q91: 0 | R91: =IFERROR(VLOOKUP($B91,JADWAL!$G$6:$J$690,4,0),"") | S91: =COUNTIF(N91:P91,"0") -> 2 | U91: TOKO EKSIS | V91: NON ZONA HITAM | X91: abdul
A92: =A91+1 -> 91 | B92: FIR0 | C92: WIBISANA BARAT - DENPASAR | D92: S8 39 3.50 E115 12 20.79 | E92: 472526684 | F92: 2500000 | G92: THR | H92: IGS | I92: BALI | J92: DENPASAR | K92: =VLOOKUP($B92,'WILL TOKO SEP'!A93:AK832,37,0) -> DENPASAR UTARA | L92: DC | M92: M | N92: 0 | O92: 46178 | P92: 46234 | Q92: 0 | R92: =IFERROR(VLOOKUP($B92,JADWAL!$G$6:$J$690,4,0),"") | S92: =COUNTIF(N92:P92,"0") -> 1 | U92: TOKO EKSIS | V92: NON ZONA HITAM | X92: 0
A93: =A92+1 -> 92 | B93: FISH | C93: TANAH LOT - TABANAN | D93: S8 36 28.2 E115 06 05.4 | E93: 576619043 | F93: 3000000 | G93: MIL | H93: ERI | I93: BALI | J93: TABANAN | K93: =VLOOKUP($B93,'WILL TOKO SEP'!A94:AK833,37,0) -> KEDIRI | L93: DC | M93: M | N93: 46158 | O93: 46186 | P93: 46209 | Q93: 0 | R93: =IFERROR(VLOOKUP($B93,JADWAL!$G$6:$J$690,4,0),"") | S93: =COUNTIF(N93:P93,"0") -> 0 | U93: TOKO EKSIS | V93: NON ZONA HITAM | X93: odi
A94: =A93+1 -> 93 | B94: FITT | C94: RAYA KEPAON_DPS | D94: 8°41'50.27"S 115°11'50.02"E | E94: 351704179 | F94: 2000000 | G94: THJ | H94: MRI | I94: BALI | J94: DENPASAR | K94: =VLOOKUP($B94,'WILL TOKO SEP'!A95:AK834,37,0) -> DENPASAR SELATAN | L94: IGR | M94: M | N94: 0 | O94: 0 | P94: 46220 | Q94: 0 | R94: =IFERROR(VLOOKUP($B94,JADWAL!$G$6:$J$690,4,0),"") | S94: =COUNTIF(N94:P94,"0") -> 2 | U94: TOKO EKSIS | V94: NON ZONA HITAM | X94: 0
A95: =A94+1 -> 94 | B95: FIU3 | C95: RAYA KINTAMANI - BANGLI | D95: S8 14 19.91 E115 19 29.99 | E95: 496728511 | F95: 2000000 | G95: JUN | H95: IKN | I95: BALI | J95: BANGLI | K95: =VLOOKUP($B95,'WILL TOKO SEP'!A96:AK835,37,0) -> KINTAMANI | L95: DC | M95: M | N95: 46172 | O95: 46195 | P95: 46224 | Q95: 0 | R95: =IFERROR(VLOOKUP($B95,JADWAL!$G$6:$J$690,4,0),"") | S95: =COUNTIF(N95:P95,"0") -> 0 | U95: TOKO EKSIS | V95: NON ZONA HITAM | X95: ardian
A96: =A95+1 -> 95 | B96: FIUZ | C96: COK AGUNG TRESNA NO.19 DPS | D96: 8°40'0.11"S 115°13'34.75"E | E96: 389768589 | F96: 2500000 | G96: THJ | H96: AMP | I96: BALI | J96: DENPASAR | K96: =VLOOKUP($B96,'WILL TOKO SEP'!A97:AK836,37,0) -> DENPASAR TIMUR | L96: IGR | M96: M | N96: 46167 | O96: 46199 | P96: 46223 | Q96: 46241 | R96: =IFERROR(VLOOKUP($B96,JADWAL!$G$6:$J$690,4,0),"") | S96: =COUNTIF(N96:P96,"0") -> 0 | U96: TOKO EKSIS | V96: ZONA HITAM | X96: #N/A
A97: =A96+1 -> 96 | B97: FJAH | C97: DAUSA_BANGLI | D97: 8°11'41.61"S 115°17'28.37"E | E97: 516564345 | F97: 2500000 | G97: JUN | H97: TSD | I97: BALI | J97: BANGLI | K97: =VLOOKUP($B97,'WILL TOKO SEP'!A98:AK837,37,0) -> KINTAMANI | L97: DC | M97: M | N97: 46170 | O97: 0 | P97: 46220 | Q97: 0 | R97: =IFERROR(VLOOKUP($B97,JADWAL!$G$6:$J$690,4,0),"") | S97: =COUNTIF(N97:P97,"0") -> 1 | U97: TOKO EKSIS | V97: NON ZONA HITAM | X97: ardian
A98: =A97+1 -> 97 | B98: FJCT | C98: PC.KATRANGAN DPS | D98: 8°39'20.19"S 115°14'16.06"E | E98: 451110818 | F98: 2000000 | G98: DTO | H98: ADR | I98: BALI | J98: DENPASAR | K98: =VLOOKUP($B98,'WILL TOKO SEP'!A99:AK838,37,0) -> Denpasar Timur | L98: IGR | M98: M | N98: 46170 | O98: 0 | P98: 46233 | Q98: 0 | R98: =IFERROR(VLOOKUP($B98,JADWAL!$G$6:$J$690,4,0),"") | S98: =COUNTIF(N98:P98,"0") -> 1 | U98: TOKO EKSIS | V98: NON ZONA HITAM | X98: 0
A99: =A98+1 -> 98 | B99: FJHJ | C99: NGURAH RAI - BADUNG | D99: S8 33 29.5 E115 10 17.4 | E99: 572574132 | F99: 2500000 | G99: LAO | H99: JSR | I99: BALI | J99: BADUNG | K99: =VLOOKUP($B99,'WILL TOKO SEP'!A100:AK839,37,0) -> MENGWI | L99: DC | M99: M | N99: 0 | O99: 46200 | P99: 0 | Q99: 0 | R99: =IFERROR(VLOOKUP($B99,JADWAL!$G$6:$J$690,4,0),"") | S99: =COUNTIF(N99:P99,"0") -> 2 | U99: TOKO EKSIS | V99: NON ZONA HITAM | X99: odi
A100: =A99+1 -> 99 | B100: FJUT | C100: YCG.RAYA WANAGIRI SRA | D100: 8°14'11.10"S 115° 8'3.88"E | E100: 432406813 | F100: 2000000 | G100: LAO | H100: KAR | I100: BALI | J100: BULELENG | K100: =VLOOKUP($B100,'WILL TOKO SEP'!A101:AK840,37,0) -> Sukasada | L100: DC | M100: M | N100: 46157 | O100: 46185 | P100: 0 | Q100: 46248 | R100: =IFERROR(VLOOKUP($B100,JADWAL!$G$6:$J$690,4,0),"") | S100: =COUNTIF(N100:P100,"0") -> 1 | U100: TOKO EKSIS | V100: NON ZONA HITAM | X100: #N/A
...

Sheet JADWAL
A1: CAB: BALI
A2: PEDOMAN JADWAL SO AUDIT BIC
A3: PERIODE : SEPTEMBER 2026
A4: NO | B4: TEAM | C4: GROUP | D4: PERSONIL | E4: HARI | F4: Jml Orang | G4: IDM | H4: TOKO | I4: STOCK RP | J4: TGL SO SEP | K4: Q/M | L4: KAS TOKO | M4: SO_AKTIVA | N4: ZONA | O4: KETERANGAN | P4: AS
A6: 1 | B6: TEAM 1 | C6: ANGGA RISTA | D6: YOGI SEPTA | E6: SELASA | G6: F01O | H6: =IF($G6<>"",VLOOKUP($G6,'MASTER TOKO BALI'!$B$2:$W$744,2,FALSE),"") -> SILIGITA - BADUNG | I6: =IF($G6<>"",VLOOKUP($G6,'MASTER TOKO BALI'!$B$2:$W$744,4,FALSE),"") -> 346801712 | J6: 46266 | K6: =IF($G6<>"",VLOOKUP($G6,'MASTER TOKO BALI'!$B$2:$W$744,12,FALSE),"") -> Q3 | L6: =IF($G6<>"",VLOOKUP($G6,'MASTER TOKO BALI'!$B$2:$W$744,5,FALSE),"") -> 2500000 | N6: =IF($G6<>"",VLOOKUP($G6,'MASTER TOKO BALI'!$B$2:$W$744,21,FALSE),"") -> NON ZONA HITAM | P6: =IF($G6<>"",VLOOKUP($G6,'MASTER TOKO BALI'!$B$2:$W$740,7,FALSE),"") -> ARH
A7: =A6+1 -> 2 | B7: TEAM GABUNG | C7: ANGGA RISTA | D7: ANGGA EKSTRA | E7: SELASA | G7: TA5A | H7: =IF($G7<>"",VLOOKUP($G7,'MASTER TOKO BALI'!$B$2:$W$744,2,FALSE),"") -> PURI GADING - BADUNG | I7: =IF($G7<>"",VLOOKUP($G7,'MASTER TOKO BALI'!$B$2:$W$744,4,FALSE),"") -> 327518718 | J7: 46266 | K7: =IF($G7<>"",VLOOKUP($G7,'MASTER TOKO BALI'!$B$2:$W$744,12,FALSE),"") -> Q3 | L7: =IF($G7<>"",VLOOKUP($G7,'MASTER TOKO BALI'!$B$2:$W$744,5,FALSE),"") -> 3000000 | N7: =IF($G7<>"",VLOOKUP($G7,'MASTER TOKO BALI'!$B$2:$W$744,21,FALSE),"") -> NON ZONA HITAM | P7: =IF($G7<>"",VLOOKUP($G7,'MASTER TOKO BALI'!$B$2:$W$740,7,FALSE),"") -> DDY
A8: =A7+1 -> 3 | B8: TEAM 2 | C8: ANGGA RISTA | D8: CAHYO | E8: SELASA | G8: TL5C | H8: =IF($G8<>"",VLOOKUP($G8,'MASTER TOKO BALI'!$B$2:$W$744,2,FALSE),"") -> KUTA - BADUNG | I8: =IF($G8<>"",VLOOKUP($G8,'MASTER TOKO BALI'!$B$2:$W$744,4,FALSE),"") -> 295576035 | J8: 46266 | K8: =IF($G8<>"",VLOOKUP($G8,'MASTER TOKO BALI'!$B$2:$W$744,12,FALSE),"") -> Q3 | L8: =IF($G8<>"",VLOOKUP($G8,'MASTER TOKO BALI'!$B$2:$W$744,5,FALSE),"") -> 2000000 | N8: =IF($G8<>"",VLOOKUP($G8,'MASTER TOKO BALI'!$B$2:$W$744,21,FALSE),"") -> NON ZONA HITAM | P8: =IF($G8<>"",VLOOKUP($G8,'MASTER TOKO BALI'!$B$2:$W$740,7,FALSE),"") -> DMA
A9: =A8+1 -> 4 | B9: TEAM GABUNG | C9: ANGGA RISTA | D9: ANGGA EKSTRA | E9: SELASA | G9: TXXC | H9: =IF($G9<>"",VLOOKUP($G9,'MASTER TOKO BALI'!$B$2:$W$744,2,FALSE),"") -> YCG.NAKULA 93 - BADUNG | I9: =IF($G9<>"",VLOOKUP($G9,'MASTER TOKO BALI'!$B$2:$W$744,4,FALSE),"") -> 448923703 | J9: 46266 | K9: =IF($G9<>"",VLOOKUP($G9,'MASTER TOKO BALI'!$B$2:$W$744,12,FALSE),"") -> Q3 | L9: =IF($G9<>"",VLOOKUP($G9,'MASTER TOKO BALI'!$B$2:$W$744,5,FALSE),"") -> 2000000 | N9: =IF($G9<>"",VLOOKUP($G9,'MASTER TOKO BALI'!$B$2:$W$744,21,FALSE),"") -> NON ZONA HITAM | P9: =IF($G9<>"",VLOOKUP($G9,'MASTER TOKO BALI'!$B$2:$W$740,7,FALSE),"") -> NHY
A10: =A9+1 -> 5 | B10: TEAM 3 | C10: ODI TRI | D10: BAGUS MAULANA | E10: SELASA | G10: TK4R | H10: =IF($G10<>"",VLOOKUP($G10,'MASTER TOKO BALI'!$B$2:$W$744,2,FALSE),"") -> YEH GANGGA SUDIMARA_TABANAN | I10: =IF($G10<>"",VLOOKUP($G10,'MASTER TOKO BALI'!$B$2:$W$744,4,FALSE),"") -> 384207357 | J10: 46266 | K10: =IF($G10<>"",VLOOKUP($G10,'MASTER TOKO BALI'!$B$2:$W$744,12,FALSE),"") -> Q3 | L10: =IF($G10<>"",VLOOKUP($G10,'MASTER TOKO BALI'!$B$2:$W$744,5,FALSE),"") -> 2000000 | N10: =IF($G10<>"",VLOOKUP($G10,'MASTER TOKO BALI'!$B$2:$W$744,21,FALSE),"") -> NON ZONA HITAM | P10: =IF($G10<>"",VLOOKUP($G10,'MASTER TOKO BALI'!$B$2:$W$740,7,FALSE),"") -> INP
A11: =A10+1 -> 6 | B11: TEAM GABUNG | C11: ODI TRI | D11: ODI TRI EKSTRA | E11: SELASA | G11: TKPE | H11: =IF($G11<>"",VLOOKUP($G11,'MASTER TOKO BALI'!$B$2:$W$744,2,FALSE),"") -> PANDAK BANDUNG - TABANAN | I11: =IF($G11<>"",VLOOKUP($G11,'MASTER TOKO BALI'!$B$2:$W$744,4,FALSE),"") -> 332707225 | J11: 46266 | K11: =IF($G11<>"",VLOOKUP($G11,'MASTER TOKO BALI'!$B$2:$W$744,12,FALSE),"") -> Q3 | L11: =IF($G11<>"",VLOOKUP($G11,'MASTER TOKO BALI'!$B$2:$W$744,5,FALSE),"") -> 2500000 | N11: =IF($G11<>"",VLOOKUP($G11,'MASTER TOKO BALI'!$B$2:$W$744,21,FALSE),"") -> NON ZONA HITAM | P11: =IF($G11<>"",VLOOKUP($G11,'MASTER TOKO BALI'!$B$2:$W$740,7,FALSE),"") -> ERI
A12: =A11+1 -> 7 | B12: TEAM 4 | C12: ODI TRI | D12: RUDIARTA | E12: SELASA | G12: FIUT | H12: =IF($G12<>"",VLOOKUP($G12,'MASTER TOKO BALI'!$B$2:$W$744,2,FALSE),"") -> SURABRATA - TABANAN | I12: =IF($G12<>"",VLOOKUP($G12,'MASTER TOKO BALI'!$B$2:$W$744,4,FALSE),"") -> 460612111 | J12: 46266 | K12: =IF($G12<>"",VLOOKUP($G12,'MASTER TOKO BALI'!$B$2:$W$744,12,FALSE),"") -> Q3 | L12: =IF($G12<>"",VLOOKUP($G12,'MASTER TOKO BALI'!$B$2:$W$744,5,FALSE),"") -> 3000000 | N12: =IF($G12<>"",VLOOKUP($G12,'MASTER TOKO BALI'!$B$2:$W$744,21,FALSE),"") -> NON ZONA HITAM | P12: =IF($G12<>"",VLOOKUP($G12,'MASTER TOKO BALI'!$B$2:$W$740,7,FALSE),"") -> GNA
A13: =A12+1 -> 8 | B13: TEAM GABUNG | C13: ODI TRI | D13: ODI TRI EKSTRA | E13: SELASA | G13: FQUA | H13: =IF($G13<>"",VLOOKUP($G13,'MASTER TOKO BALI'!$B$2:$W$744,2,FALSE),"") -> ANTOSARI - TABANAN | I13: =IF($G13<>"",VLOOKUP($G13,'MASTER TOKO BALI'!$B$2:$W$744,4,FALSE),"") -> 370556278 | J13: 46266 | K13: =IF($G13<>"",VLOOKUP($G13,'MASTER TOKO BALI'!$B$2:$W$744,12,FALSE),"") -> M | L13: =IF($G13<>"",VLOOKUP($G13,'MASTER TOKO BALI'!$B$2:$W$744,5,FALSE),"") -> 2000000 | N13: =IF($G13<>"",VLOOKUP($G13,'MASTER TOKO BALI'!$B$2:$W$744,21,FALSE),"") -> NON ZONA HITAM | P13: =IF($G13<>"",VLOOKUP($G13,'MASTER TOKO BALI'!$B$2:$W$740,7,FALSE),"") -> GNA
A14: =A13+1 -> 9 | B14: TEAM 5 | C14: ANGGA ARDIAN | D14: RAFLI | E14: SELASA | G14: TFOD | H14: =IF($G14<>"",VLOOKUP($G14,'MASTER TOKO BALI'!$B$2:$W$744,2,FALSE),"") -> PALGUNA NO 101X-GYR | I14: =IF($G14<>"",VLOOKUP($G14,'MASTER TOKO BALI'!$B$2:$W$744,4,FALSE),"") -> 356731825 | J14: 46266 | K14: =IF($G14<>"",VLOOKUP($G14,'MASTER TOKO BALI'!$B$2:$W$744,12,FALSE),"") -> M | L14: =IF($G14<>"",VLOOKUP($G14,'MASTER TOKO BALI'!$B$2:$W$744,5,FALSE),"") -> 2500000 | N14: =IF($G14<>"",VLOOKUP($G14,'MASTER TOKO BALI'!$B$2:$W$744,21,FALSE),"") -> NON ZONA HITAM | P14: =IF($G14<>"",VLOOKUP($G14,'MASTER TOKO BALI'!$B$2:$W$740,7,FALSE),"") -> IPM
A15: =A14+1 -> 10 | B15: TEAM GABUNG | C15: ANGGA ARDIAN | D15: ANGGA AR EXTRA | E15: SELASA | G15: FAVO | H15: =IF($G15<>"",VLOOKUP($G15,'MASTER TOKO BALI'!$B$2:$W$744,2,FALSE),"") -> BATU BULAN 2 - GIANYAR | I15: =IF($G15<>"",VLOOKUP($G15,'MASTER TOKO BALI'!$B$2:$W$744,4,FALSE),"") -> 373193234 | J15: 46266 | K15: =IF($G15<>"",VLOOKUP($G15,'MASTER TOKO BALI'!$B$2:$W$744,12,FALSE),"") -> M | L15: =IF($G15<>"",VLOOKUP($G15,'MASTER TOKO BALI'!$B$2:$W$744,5,FALSE),"") -> 2500000 | N15: =IF($G15<>"",VLOOKUP($G15,'MASTER TOKO BALI'!$B$2:$W$744,21,FALSE),"") -> NON ZONA HITAM | P15: =IF($G15<>"",VLOOKUP($G15,'MASTER TOKO BALI'!$B$2:$W$740,7,FALSE),"") -> IPM
A16: =A15+1 -> 11 | B16: TEAM 6 | C16: ANGGA ARDIAN | D16: KADEK GALANG | E16: SELASA | G16: FXXM | H16: =IF($G16<>"",VLOOKUP($G16,'MASTER TOKO BALI'!$B$2:$W$744,2,FALSE),"") -> CANGI - GIANYAR | I16: =IF($G16<>"",VLOOKUP($G16,'MASTER TOKO BALI'!$B$2:$W$744,4,FALSE),"") -> 363354534 | J16: 46266 | K16: =IF($G16<>"",VLOOKUP($G16,'MASTER TOKO BALI'!$B$2:$W$744,12,FALSE),"") -> Q3 | L16: =IF($G16<>"",VLOOKUP($G16,'MASTER TOKO BALI'!$B$2:$W$744,5,FALSE),"") -> 2000000 | N16: =IF($G16<>"",VLOOKUP($G16,'MASTER TOKO BALI'!$B$2:$W$744,21,FALSE),"") -> NON ZONA HITAM | P16: =IF($G16<>"",VLOOKUP($G16,'MASTER TOKO BALI'!$B$2:$W$740,7,FALSE),"") -> MRS
A17: =A16+1 -> 12 | B17: TEAM GABUNG | C17: ANGGA ARDIAN | D17: ANGGA AR EXTRA | E17: SELASA | G17: FMRO | H17: =IF($G17<>"",VLOOKUP($G17,'MASTER TOKO BALI'!$B$2:$W$744,2,FALSE),"") -> SMKI NO.46 GIANYAR | I17: =IF($G17<>"",VLOOKUP($G17,'MASTER TOKO BALI'!$B$2:$W$744,4,FALSE),"") -> 421809650 | J17: 46266 | K17: =IF($G17<>"",VLOOKUP($G17,'MASTER TOKO BALI'!$B$2:$W$744,12,FALSE),"") -> Q3 | L17: =IF($G17<>"",VLOOKUP($G17,'MASTER TOKO BALI'!$B$2:$W$744,5,FALSE),"") -> 2000000 | N17: =IF($G17<>"",VLOOKUP($G17,'MASTER TOKO BALI'!$B$2:$W$744,21,FALSE),"") -> NON ZONA HITAM | P17: =IF($G17<>"",VLOOKUP($G17,'MASTER TOKO BALI'!$B$2:$W$740,7,FALSE),"") -> IPM
A18: =A17+1 -> 13 | B18: TEAM 7 | C18: ABDUL | D18: JULIANTO | E18: SELASA | G18: TQ3N | H18: =IF($G18<>"",VLOOKUP($G18,'MASTER TOKO BALI'!$B$2:$W$744,2,FALSE),"") -> YCG.TUNJUNG KAPAL DUA - BDG | I18: =IF($G18<>"",VLOOKUP($G18,'MASTER TOKO BALI'!$B$2:$W$744,4,FALSE),"") -> 490303666 | J18: 46266 | K18: =IF($G18<>"",VLOOKUP($G18,'MASTER TOKO BALI'!$B$2:$W$744,12,FALSE),"") -> Q3 | L18: =IF($G18<>"",VLOOKUP($G18,'MASTER TOKO BALI'!$B$2:$W$744,5,FALSE),"") -> 2500000 | N18: =IF($G18<>"",VLOOKUP($G18,'MASTER TOKO BALI'!$B$2:$W$744,21,FALSE),"") -> NON ZONA HITAM | P18: =IF($G18<>"",VLOOKUP($G18,'MASTER TOKO BALI'!$B$2:$W$740,7,FALSE),"") -> JSR
... A24: =A23+1 -> 19 | B24: TEAM 10 | C24: PASEK | D24: M.LUTFI | E24: SELASA | G24: TLFV | H24: =IF($G24<>"",VLOOKUP($G24,'MASTER TOKO BALI'!$B$2:$W$744,2,FALSE),"") -> PC.PC.DIPONEGORO_DPS | I24: =IF($G24<>"",VLOOKUP($G24,'MASTER TOKO BALI'!$B$2:$W$744,4,FALSE),"") -> 511623137 | J24: 46266 | K24: =IF($G24<>"",VLOOKUP($G24,'MASTER TOKO BALI'!$B$2:$W$744,12,FALSE),"") -> M | L24: =IF($G24<>"",VLOOKUP($G24,'MASTER TOKO BALI'!$B$2:$W$744,5,FALSE),"") -> 4000000 | N24: =IF($G24<>"",VLOOKUP($G24,'MASTER TOKO BALI'!$B$2:$W$744,21,FALSE),"") -> NON ZONA HITAM | P24: =IF($G24<>"",VLOOKUP($G24,'MASTER TOKO BALI'!$B$2:$W$740,7,FALSE),"") -> MRI
A25: =A24+1 -> 20 | B25: TIM GABUNG | C25: PASEK | D25: PASEK EKSTRA | E25: SELASA | H25: =IF($G25<>"",VLOOKUP($G25,'MASTER TOKO BALI'!$B$2:$W$744,2,FALSE),"") | I25: =IF($G25<>"",VLOOKUP($G25,'MASTER TOKO BALI'!$B$2:$W$744,4,FALSE),"") | J25: 46266 | K25: =IF($G25<>"",VLOOKUP($G25,'MASTER TOKO BALI'!$B$2:$W$744,12,FALSE),"") | L25: =IF($G25<>"",VLOOKUP($G25,'MASTER TOKO BALI'!$B$2:$W$744,5,FALSE),"") | N25: =IF($G25<>"",VLOOKUP($G25,'MASTER TOKO BALI'!$B$2:$W$744,21,FALSE),"") | P25: =IF($G25<>"",VLOOKUP($G25,'MASTER TOKO BALI'!$B$2:$W$740,7,FALSE),"")
A26: =A25+1 -> 21 | B26: TEAM 11 | C26: BISMA | D26: BUJANGGA | E26: SELASA | G26: TYP6 | H26: =IF($G26<>"",VLOOKUP($G26,'MASTER TOKO BALI'!$B$2:$W$744,2,FALSE),"") -> RAYA TUKAD BALIAN - DENPASAR | I26: =IF($G26<>"",VLOOKUP($G26,'MASTER TOKO BALI'!$B$2:$W$744,4,FALSE),"") -> 364538918 | J26: 46266 | K26: =IF($G26<>"",VLOOKUP($G26,'MASTER TOKO BALI'!$B$2:$W$744,12,FALSE),"") -> Q3 | L26: =IF($G26<>"",VLOOKUP($G26,'MASTER TOKO BALI'!$B$2:$W$744,5,FALSE),"") -> 2000000 | N26: =IF($G26<>"",VLOOKUP($G26,'MASTER TOKO BALI'!$B$2:$W$744,21,FALSE),"") -> NON ZONA HITAM | P26: =IF($G26<>"",VLOOKUP($G26,'MASTER TOKO BALI'!$B$2:$W$740,7,FALSE),"") -> ANT
A27: =A26+1 -> 22 | B27: TIM GABUNG | C27: BISMA | D27: BISMA EKSTRA | E27: SELASA | G27: FCHN | H27: =IF($G27<>"",VLOOKUP($G27,'MASTER TOKO BALI'!$B$2:$W$744,2,FALSE),"") -> BATUR SARI_ DPS | I27: =IF($G27<>"",VLOOKUP($G27,'MASTER TOKO BALI'!$B$2:$W$744,4,FALSE),"") -> 383814995 | J27: 46266 | K27: =IF($G27<>"",VLOOKUP($G27,'MASTER TOKO BALI'!$B$2:$W$744,12,FALSE),"") -> Q3 | L27: =IF($G27<>"",VLOOKUP($G27,'MASTER TOKO BALI'!$B$2:$W$744,5,FALSE),"") -> 2000000 | N27: =IF($G27<>"",VLOOKUP($G27,'MASTER TOKO BALI'!$B$2:$W$744,21,FALSE),"") -> NON ZONA HITAM | P27: =IF($G27<>"",VLOOKUP($G27,'MASTER TOKO BALI'!$B$2:$W$740,7,FALSE),"") -> IGN
A28: =A27+1 -> 23 | B28: TEAM 12 | C28: BISMA | D28: GEDE ARIASA | E28: SELASA | G28: TVUK | H28: =IF($G28<>"",VLOOKUP($G28,'MASTER TOKO BALI'!$B$2:$W$744,2,FALSE),"") -> YCG.RAYA DESA - SINGARAJA | I28: =IF($G28<>"",VLOOKUP($G28,'MASTER TOKO BALI'!$B$2:$W$744,4,FALSE),"") -> 499159652 | J28: 46266 | K28: =IF($G28<>"",VLOOKUP($G28,'MASTER TOKO BALI'!$B$2:$W$744,12,FALSE),"") -> Q3 | L28: =IF($G28<>"",VLOOKUP($G28,'MASTER TOKO BALI'!$B$2:$W$744,5,FALSE),"") -> 2000000 | N28: =IF($G28<>"",VLOOKUP($G28,'MASTER TOKO BALI'!$B$2:$W$744,21,FALSE),"") -> NON ZONA HITAM | P28: =IF($G28<>"",VLOOKUP($G28,'MASTER TOKO BALI'!$B$2:$W$740,7,FALSE),"") -> MAH
A29: =A28+1 -> 24 | B29: TIM GABUNG | C29: BISMA | D29: BISMA EKSTRA | E29: SELASA | G29: FIMD | H29: =IF($G29<>"",VLOOKUP($G29,'MASTER TOKO BALI'!$B$2:$W$744,2,FALSE),"") -> RAYA SANGSIT - SINGARAJA | I29: =IF($G29<>"",VLOOKUP($G29,'MASTER TOKO BALI'!$B$2:$W$744,4,FALSE),"") -> 443856478 | J29: 46266 | K29: =IF($G29<>"",VLOOKUP($G29,'MASTER TOKO BALI'!$B$2:$W$744,12,FALSE),"") -> Q3 | L29: =IF($G29<>"",VLOOKUP($G29,'MASTER TOKO BALI'!$B$2:$W$744,5,FALSE),"") -> 2000000 | N29: =IF($G29<>"",VLOOKUP($G29,'MASTER TOKO BALI'!$B$2:$W$744,21,FALSE),"") -> NON ZONA HITAM | P29: =IF($G29<>"",VLOOKUP($G29,'MASTER TOKO BALI'!$B$2:$W$740,7,FALSE),"") -> MAH
I30: =IF($G30<>"",VLOOKUP($G30,'MASTER TOKO BALI'!$B$2:$W$744,4,FALSE),"") | K30: =IF($G30<>"",VLOOKUP($G30,'MASTER TOKO BALI'!$B$2:$W$744,12,FALSE),"") | L30: =IF($G30<>"",VLOOKUP($G30,'MASTER TOKO BALI'!$B$2:$W$744,5,FALSE),"") | N30: =IF($G30<>"",VLOOKUP($G30,'MASTER TOKO BALI'!$B$2:$W$744,21,FALSE),"") | P30: =IF($G30<>"",VLOOKUP($G30,'MASTER TOKO BALI'!$B$2:$W$740,7,FALSE),"")
A31: =A29+1 -> 25 | B31: TEAM 1 | C31: ANGGA RISTA | D31: YOGI SEPTA | E31: MINGGU | I31: =IF($G31<>"",VLOOKUP($G31,'MASTER TOKO BALI'!$B$2:$W$744,4,FALSE),"") | K31: =IF($G31<>"",VLOOKUP($G31,'MASTER TOKO BALI'!$B$2:$W$744,12,FALSE),"") | L31: =IF($G31<>"",VLOOKUP($G31,'MASTER TOKO BALI'!$B$2:$W$744,5,FALSE),"") | N31: =IF($G31<>"",VLOOKUP($G31,'MASTER TOKO BALI'!$B$2:$W$744,21,FALSE),"") | P31: =IF($G31<>"",VLOOKUP($G31,'MASTER TOKO BALI'!$B$2:$W$740,7,FALSE),"")
A32: =A31+1 -> 26 | B32: TEAM GABUNG | C32: ANGGA RISTA | D32: ANGGA EKSTRA | E32: MINGGU | I32: =IF($G32<>"",VLOOKUP($G32,'MASTER TOKO BALI'!$B$2:$W$744,4,FALSE),"") | K32: =IF($G32<>"",VLOOKUP($G32,'MASTER TOKO BALI'!$B$2:$W$744,12,FALSE),"") | L32: =IF($G32<>"",VLOOKUP($G32,'MASTER TOKO BALI'!$B$2:$W$744,5,FALSE),"") | N32: =IF($G32<>"",VLOOKUP($G32,'MASTER TOKO BALI'!$B$2:$W$744,21,FALSE),"") | P32: =IF($G32<>"",VLOOKUP($G32,'MASTER TOKO BALI'!$B$2:$W$740,7,FALSE),"")
A33: =A32+1 -> 27 | B33: TEAM 2 | C33: ANGGA RISTA | D33: CAHYO | E33: MINGGU | I33: =IF($G33<>"",VLOOKUP($G33,'MASTER TOKO BALI'!$B$2:$W$744,4,FALSE),"") | K33: =IF($G33<>"",VLOOKUP($G33,'MASTER TOKO BALI'!$B$2:$W$744,12,FALSE),"") | L33: =IF($G33<>"",VLOOKUP($G33,'MASTER TOKO BALI'!$B$2:$W$744,5,FALSE),"") | N33: =IF($G33<>"",VLOOKUP($G33,'MASTER TOKO BALI'!$B$2:$W$744,21,FALSE),"") | P33: =IF($G33<>"",VLOOKUP($G33,'MASTER TOKO BALI'!$B$2:$W$740,7,FALSE),"")
A34: =A33+1 -> 28 | B34: TEAM GABUNG | C34: ANGGA RISTA | D34: ANGGA EKSTRA | E34: MINGGU | I34: =IF($G34<>"",VLOOKUP($G34,'MASTER TOKO BALI'!$B$2:$W$744,4,FALSE),"") | K34: =IF($G34<>"",VLOOKUP($G34,'MASTER TOKO BALI'!$B$2:$W$744,12,FALSE),"") | L34: =IF($G34<>"",VLOOKUP($G34,'MASTER TOKO BALI'!$B$2:$W$744,5,FALSE),"") | N34: =IF($G34<>"",VLOOKUP($G34,'MASTER TOKO BALI'!$B$2:$W$744,21,FALSE),"") | P34: =IF($G34<>"",VLOOKUP($G34,'MASTER TOKO BALI'!$B$2:$W$740,7,FALSE),"")
A35: =A34+1 -> 29 | B35: TEAM 3 | C35: ODI TRI | D35: BAGUS MAULANA | E35: MINGGU | I35: =IF($G35<>"",VLOOKUP($G35,'MASTER TOKO BALI'!$B$2:$W$744,4,FALSE),"") | K35: =IF($G35<>"",VLOOKUP($G35,'MASTER TOKO BALI'!$B$2:$W$744,12,FALSE),"") | L35: =IF($G35<>"",VLOOKUP($G35,'MASTER TOKO BALI'!$B$2:$W$744,5,FALSE),"") | N35: =IF($G35<>"",VLOOKUP($G35,'MASTER TOKO BALI'!$B$2:$W$744,21,FALSE),"") | P35: =IF($G35<>"",VLOOKUP($G35,'MASTER TOKO BALI'!$B$2:$W$740,7,FALSE),"")
A36: =A35+1 -> 30 | B36: TEAM GABUNG | C36: ODI TRI | D36: ODI TRI EKSTRA | E36: MINGGU | I36: =IF($G36<>"",VLOOKUP($G36,'MASTER TOKO BALI'!$B$2:$W$744,4,FALSE),"") | K36: =IF($G36<>"",VLOOKUP($G36,'MASTER TOKO BALI'!$B$2:$W$744,12,FALSE),"") | L36: =IF($G36<>"",VLOOKUP($G36,'MASTER TOKO BALI'!$B$2:$W$744,5,FALSE),"") | N36: =IF($G36<>"",VLOOKUP($G36,'MASTER TOKO BALI'!$B$2:$W$744,21,FALSE),"") | P36: =IF($G36<>"",VLOOKUP($G36,'MASTER TOKO BALI'!$B$2:$W$740,7,FALSE),"")
A37: =A36+1 -> 31 | B37: TEAM 4 | C37: ODI TRI | D37: RUDIARTA | E37: MINGGU | I37: =IF($G37<>"",VLOOKUP($G37,'MASTER TOKO BALI'!$B$2:$W$744,4,FALSE),"") | K37: =IF($G37<>"",VLOOKUP($G37,'MASTER TOKO BALI'!$B$2:$W$744,12,FALSE),"") | L37: =IF($G37<>"",VLOOKUP($G37,'MASTER TOKO BALI'!$B$2:$W$744,5,FALSE),"") | N37: =IF($G37<>"",VLOOKUP($G37,'MASTER TOKO BALI'!$B$2:$W$744,21,FALSE),"") | P37: =IF($G37<>"",VLOOKUP($G37,'MASTER TOKO BALI'!$B$2:$W$740,7,FALSE),"")
A38: =A37+1 -> 32 | B38: TEAM GABUNG | C38: ODI TRI | D38: ODI TRI EKSTRA | E38: MINGGU | I38: =IF($G38<>"",VLOOKUP($G38,'MASTER TOKO BALI'!$B$2:$W$744,4,FALSE),"") | K38: =IF($G38<>"",VLOOKUP($G38,'MASTER TOKO BALI'!$B$2:$W$744,12,FALSE),"") | L38: =IF($G38<>"",VLOOKUP($G38,'MASTER TOKO BALI'!$B$2:$W$744,5,FALSE),"") | N38: =IF($G38<>"",VLOOKUP($G38,'MASTER TOKO BALI'!$B$2:$W$744,21,FALSE),"") | P38: =IF($G38<>"",VLOOKUP($G38,'MASTER TOKO BALI'!$B$2:$W$740,7,FALSE),"")
A39: =A38+1 -> 33 | B39: TEAM 5 | C39: ANGGA ARDIAN | D39: RAFLI | E39: MINGGU | I39: =IF($G39<>"",VLOOKUP($G39,'MASTER TOKO BALI'!$B$2:$W$744,4,FALSE),"") | K39: =IF($G39<>"",VLOOKUP($G39,'MASTER TOKO BALI'!$B$2:$W$744,12,FALSE),"") | L39: =IF($G39<>"",VLOOKUP($G39,'MASTER TOKO BALI'!$B$2:$W$744,5,FALSE),"") | N39: =IF($G39<>"",VLOOKUP($G39,'MASTER TOKO BALI'!$B$2:$W$744,21,FALSE),"") | P39: =IF($G39<>"",VLOOKUP($G39,'MASTER TOKO BALI'!$B$2:$W$740,7,FALSE),"")
A40: =A39+1 -> 34 | B40: TEAM GABUNG | C40: ANGGA ARDIAN | D40: ANGGA AR EXTRA | E40: MINGGU | I40: =IF($G40<>"",VLOOKUP($G40,'MASTER TOKO BALI'!$B$2:$W$744,4,FALSE),"") | K40: =IF($G40<>"",VLOOKUP($G40,'MASTER TOKO BALI'!$B$2:$W$744,12,FALSE),"") | L40: =IF($G40<>"",VLOOKUP($G40,'MASTER TOKO BALI'!$B$2:$W$744,5,FALSE),"") | N40: =IF($G40<>"",VLOOKUP($G40,'MASTER TOKO BALI'!$B$2:$W$744,21,FALSE),"") | P40: =IF($G40<>"",VLOOKUP($G40,'MASTER TOKO BALI'!$B$2:$W$740,7,FALSE),"")
A41: =A40+1 -> 35 | B41: TEAM 6 | C41: ANGGA ARDIAN | D41: KADEK GALANG | E41: MINGGU | I41: =IF($G41<>"",VLOOKUP($G41,'MASTER TOKO BALI'!$B$2:$W$744,4,FALSE),"") | K41: =IF($G41<>"",VLOOKUP($G41,'MASTER TOKO BALI'!$B$2:$W$744,12,FALSE),"") | L41: =IF($G41<>"",VLOOKUP($G41,'MASTER TOKO BALI'!$B$2:$W$744,5,FALSE),"") | N41: =IF($G41<>"",VLOOKUP($G41,'MASTER TOKO BALI'!$B$2:$W$744,21,FALSE),"") | P41: =IF($G41<>"",VLOOKUP($G41,'MASTER TOKO BALI'!$B$2:$W$740,7,FALSE),"")
A42: =A41+1 -> 36 | B42: TEAM GABUNG | C42: ANGGA ARDIAN | D42: ANGGA AR EXTRA | E42: MINGGU | I42: =IF($G42<>"",VLOOKUP($G42,'MASTER TOKO BALI'!$B$2:$W$744,4,FALSE),"") | K42: =IF($G42<>"",VLOOKUP($G42,'MASTER TOKO BALI'!$B$2:$W$744,12,FALSE),"") | L42: =IF($G42<>"",VLOOKUP($G42,'MASTER TOKO BALI'!$B$2:$W$744,5,FALSE),"") | N42: =IF($G42<>"",VLOOKUP($G42,'MASTER TOKO BALI'!$B$2:$W$744,21,FALSE),"") | P42: =IF($G42<>"",VLOOKUP($G42,'MASTER TOKO BALI'!$B$2:$W$740,7,FALSE),"")
A43: =A42+1 -> 37 | B43: TEAM 7 | C43: ABDUL | D43: JULIANTO | E43: MINGGU | I43: =IF($G43<>"",VLOOKUP($G43,'MASTER TOKO BALI'!$B$2:$W$744,4,FALSE),"") | K43: =IF($G43<>"",VLOOKUP($G43,'MASTER TOKO BALI'!$B$2:$W$744,12,FALSE),"") | L43: =IF($G43<>"",VLOOKUP($G43,'MASTER TOKO BALI'!$B$2:$W$744,5,FALSE),"") | N43: =IF($G43<>"",VLOOKUP($G43,'MASTER TOKO BALI'!$B$2:$W$744,21,FALSE),"") | P43: =IF($G43<>"",VLOOKUP($G43,'MASTER TOKO BALI'!$B$2:$W$740,7,FALSE),"")
... A54: =A53+1 -> 48 | B54: TIM GABUNG | C54: BISMA | D54: BISMA EKSTRA | E54: MINGGU | I54: =IF($G54<>"",VLOOKUP($G54,'MASTER TOKO BALI'!$B$2:$W$744,4,FALSE),"") | K54: =IF($G54<>"",VLOOKUP($G54,'MASTER TOKO BALI'!$B$2:$W$744,12,FALSE),"") | L54: =IF($G54<>"",VLOOKUP($G54,'MASTER TOKO BALI'!$B$2:$W$744,5,FALSE),"") | N54: =IF($G54<>"",VLOOKUP($G54,'MASTER TOKO BALI'!$B$2:$W$744,21,FALSE),"") | P54: =IF($G54<>"",VLOOKUP($G54,'MASTER TOKO BALI'!$B$2:$W$740,7,FALSE),"")
I55: =IF($G55<>"",VLOOKUP($G55,'MASTER TOKO BALI'!$B$2:$W$744,4,FALSE),"") | K55: =IF($G55<>"",VLOOKUP($G55,'MASTER TOKO BALI'!$B$2:$W$744,12,FALSE),"") | L55: =IF($G55<>"",VLOOKUP($G55,'MASTER TOKO BALI'!$B$2:$W$744,5,FALSE),"") | N55: =IF($G55<>"",VLOOKUP($G55,'MASTER TOKO BALI'!$B$2:$W$744,21,FALSE),"") | P55: =IF($G55<>"",VLOOKUP($G55,'MASTER TOKO BALI'!$B$2:$W$740,7,FALSE),"")
A56: =A54+1 -> 49 | B56: TEAM 1 | C56: ANGGA RISTA | D56: YOGI SEPTA | E56: RABU | G56: T99R | H56: =IF($G56<>"",VLOOKUP($G56,'MASTER TOKO BALI'!$B$2:$W$744,2,FALSE),"") -> PC.PC.BALI CLIFF - BADUNG | I56: =IF($G56<>"",VLOOKUP($G56,'MASTER TOKO BALI'!$B$2:$W$744,4,FALSE),"") -> 650851157 | J56: 46267 | K56: =IF($G56<>"",VLOOKUP($G56,'MASTER TOKO BALI'!$B$2:$W$744,12,FALSE),"") -> M | L56: =IF($G56<>"",VLOOKUP($G56,'MASTER TOKO BALI'!$B$2:$W$744,5,FALSE),"") -> 5000000 | N56: =IF($G56<>"",VLOOKUP($G56,'MASTER TOKO BALI'!$B$2:$W$744,21,FALSE),"") -> NON ZONA HITAM | P56: =IF($G56<>"",VLOOKUP($G56,'MASTER TOKO BALI'!$B$2:$W$740,7,FALSE),"") -> ANC
A57: =A56+1 -> 50 | B57: TEAM GABUNG | C57: ANGGA RISTA | D57: ANGGA EKSTRA | E57: RABU | H57: =IF($G57<>"",VLOOKUP($G57,'MASTER TOKO BALI'!$B$2:$W$744,2,FALSE),"") | I57: =IF($G57<>"",VLOOKUP($G57,'MASTER TOKO BALI'!$B$2:$W$744,4,FALSE),"") | J57: 46267 | K57: =IF($G57<>"",VLOOKUP($G57,'MASTER TOKO BALI'!$B$2:$W$744,12,FALSE),"") | L57: =IF($G57<>"",VLOOKUP($G57,'MASTER TOKO BALI'!$B$2:$W$744,5,FALSE),"") | N57: =IF($G57<>"",VLOOKUP($G57,'MASTER TOKO BALI'!$B$2:$W$744,21,FALSE),"") | P57: =IF($G57<>"",VLOOKUP($G57,'MASTER TOKO BALI'!$B$2:$W$740,7,FALSE),"")
A58: =A57+1 -> 51 | B58: TEAM 2 | C58: ANGGA RISTA | D58: CAHYO | E58: RABU | G58: TTZZ | H58: =IF($G58<>"",VLOOKUP($G58,'MASTER TOKO BALI'!$B$2:$W$744,2,FALSE),"") -> PC.PC.RAYA KAMPUS UNUD - BADUNG | I58: =IF($G58<>"",VLOOKUP($G58,'MASTER TOKO BALI'!$B$2:$W$744,4,FALSE),"") -> 675629520 | J58: 46267 | K58: =IF($G58<>"",VLOOKUP($G58,'MASTER TOKO BALI'!$B$2:$W$744,12,FALSE),"") -> M | L58: =IF($G58<>"",VLOOKUP($G58,'MASTER TOKO BALI'!$B$2:$W$744,5,FALSE),"") -> 5000000 | N58: =IF($G58<>"",VLOOKUP($G58,'MASTER TOKO BALI'!$B$2:$W$744,21,FALSE),"") -> NON ZONA HITAM | P58: =IF($G58<>"",VLOOKUP($G58,'MASTER TOKO BALI'!$B$2:$W$740,7,FALSE),"") -> RDT
A59: =A58+1 -> 52 | B59: TEAM GABUNG | C59: ANGGA RISTA | D59: ANGGA EKSTRA | E59: RABU | H59: =IF($G59<>"",VLOOKUP($G59,'MASTER TOKO BALI'!$B$2:$W$744,2,FALSE),"") | I59: =IF($G59<>"",VLOOKUP($G59,'MASTER TOKO BALI'!$B$2:$W$744,4,FALSE),"") | J59: 46267 | K59: =IF($G59<>"",VLOOKUP($G59,'MASTER TOKO BALI'!$B$2:$W$744,12,FALSE),"") | L59: =IF($G59<>"",VLOOKUP($G59,'MASTER TOKO BALI'!$B$2:$W$744,5,FALSE),"") | N59: =IF($G59<>"",VLOOKUP($G59,'MASTER TOKO BALI'!$B$2:$W$744,21,FALSE),"") | P59: =IF($G59<>"",VLOOKUP($G59,'MASTER TOKO BALI'!$B$2:$W$740,7,FALSE),"")
A60: =A59+1 -> 53 | B60: TEAM 3 | C60: ODI TRI | D60: BAGUS MAULANA | E60: RABU | G60: TZOG | H60: =IF($G60<>"",VLOOKUP($G60,'MASTER TOKO BALI'!$B$2:$W$744,2,FALSE),"") -> PC.PC.TAMAN TANDA - TABANAN | I60: =IF($G60<>"",VLOOKUP($G60,'MASTER TOKO BALI'!$B$2:$W$744,4,FALSE),"") -> 629176829 | J60: 46267 | K60: =IF($G60<>"",VLOOKUP($G60,'MASTER TOKO BALI'!$B$2:$W$744,12,FALSE),"") -> M | L60: =IF($G60<>"",VLOOKUP($G60,'MASTER TOKO BALI'!$B$2:$W$744,5,FALSE),"") -> 4000000 | N60: =IF($G60<>"",VLOOKUP($G60,'MASTER TOKO BALI'!$B$2:$W$744,21,FALSE),"") -> NON ZONA HITAM | P60: =IF($G60<>"",VLOOKUP($G60,'MASTER TOKO BALI'!$B$2:$W$740,7,FALSE),"") -> KAR
A61: =A60+1 -> 54 | B61: TEAM GABUNG | C61: ODI TRI | D61: ODI TRI EKSTRA | E61: RABU | G61: F34V | H61: =IF($G61<>"",VLOOKUP($G61,'MASTER TOKO BALI'!$B$2:$W$744,2,FALSE),"") -> RAYA BATURITI - TABANAN | I61: =IF($G61<>"",VLOOKUP($G61,'MASTER TOKO BALI'!$B$2:$W$744,4,FALSE),"") -> 439478960 | J61: 46267 | K61: =IF($G61<>"",VLOOKUP($G61,'MASTER TOKO BALI'!$B$2:$W$744,12,FALSE),"") -> M | L61: =IF($G61<>"",VLOOKUP($G61,'MASTER TOKO BALI'!$B$2:$W$744,5,FALSE),"") -> 2000000 | N61: =IF($G61<>"",VLOOKUP($G61,'MASTER TOKO BALI'!$B$2:$W$744,21,FALSE),"") -> NON ZONA HITAM | P61: =IF($G61<>"",VLOOKUP($G61,'MASTER TOKO BALI'!$B$2:$W$740,7,FALSE),"") -> KAR
A62: =A61+1 -> 55 | B62: TEAM 4 | C62: ODI TRI | D62: RUDIARTA | E62: RABU | G62: FCCF | H62: =IF($G62<>"",VLOOKUP($G62,'MASTER TOKO BALI'!$B$2:$W$744,2,FALSE),"") -> PEREAN TENGAH - TABANAN | I62: =IF($G62<>"",VLOOKUP($G62,'MASTER TOKO BALI'!$B$2:$W$744,4,FALSE),"") -> 454390211 | J62: 46267 | K62: =IF($G62<>"",VLOOKUP($G62,'MASTER TOKO BALI'!$B$2:$W$744,12,FALSE),"") -> M | L62: =IF($G62<>"",VLOOKUP($G62,'MASTER TOKO BALI'!$B$2:$W$744,5,FALSE),"") -> 2500000 | N62: =IF($G62<>"",VLOOKUP($G62,'MASTER TOKO BALI'!$B$2:$W$744,21,FALSE),"") -> NON ZONA HITAM | P62: =IF($G62<>"",VLOOKUP($G62,'MASTER TOKO BALI'!$B$2:$W$740,7,FALSE),"") -> KAR
A63: =A62+1 -> 56 | B63: TEAM GABUNG | C63: ODI TRI | D63: ODI TRI EKSTRA | E63: RABU | G63: F34V | H63: =IF($G63<>"",VLOOKUP($G63,'MASTER TOKO BALI'!$B$2:$W$744,2,FALSE),"") -> RAYA BATURITI - TABANAN | I63: =IF($G63<>"",VLOOKUP($G63,'MASTER TOKO BALI'!$B$2:$W$744,4,FALSE),"") -> 439478960 | J63: 46267 | K63: =IF($G63<>"",VLOOKUP($G63,'MASTER TOKO BALI'!$B$2:$W$744,12,FALSE),"") -> M | L63: =IF($G63<>"",VLOOKUP($G63,'MASTER TOKO BALI'!$B$2:$W$744,5,FALSE),"") -> 2000000 | N63: =IF($G63<>"",VLOOKUP($G63,'MASTER TOKO BALI'!$B$2:$W$744,21,FALSE),"") -> NON ZONA HITAM | P63: =IF($G63<>"",VLOOKUP($G63,'MASTER TOKO BALI'!$B$2:$W$740,7,FALSE),"") -> KAR
A64: =A63+1 -> 57 | B64: TEAM 5 | C64: ANGGA ARDIAN | D64: RAFLI | E64: RABU | G64: FQ1A | H64: =IF($G64<>"",VLOOKUP($G64,'MASTER TOKO BALI'!$B$2:$W$744,2,FALSE),"") -> BRIGJEN NGURAH RAI_BANGLI | I64: =IF($G64<>"",VLOOKUP($G64,'MASTER TOKO BALI'!$B$2:$W$744,4,FALSE),"") -> 449503564 | J64: 46267 | K64: =IF($G64<>"",VLOOKUP($G64,'MASTER TOKO BALI'!$B$2:$W$744,12,FALSE),"") -> Q3 | L64: =IF($G64<>"",VLOOKUP($G64,'MASTER TOKO BALI'!$B$2:$W$744,5,FALSE),"") -> 2000000 | N64: =IF($G64<>"",VLOOKUP($G64,'MASTER TOKO BALI'!$B$2:$W$744,21,FALSE),"") -> NON ZONA HITAM | P64: =IF($G64<>"",VLOOKUP($G64,'MASTER TOKO BALI'!$B$2:$W$740,7,FALSE),"") -> IKN
A65: =A64+1 -> 58 | B65: TEAM GABUNG | C65: ANGGA ARDIAN | D65: ANGGA AR EXTRA | E65: RABU | G65: TNNX | H65: =IF($G65<>"",VLOOKUP($G65,'MASTER TOKO BALI'!$B$2:$W$744,2,FALSE),"") -> YCG.KUSUMAYUDHA BARAT - BANGLI | I65: =IF($G65<>"",VLOOKUP($G65,'MASTER TOKO BALI'!$B$2:$W$744,4,FALSE),"") -> 490268252 | J65: 46267 | K65: =IF($G65<>"",VLOOKUP($G65,'MASTER TOKO BALI'!$B$2:$W$744,12,FALSE),"") -> Q3 | L65: =IF($G65<>"",VLOOKUP($G65,'MASTER TOKO BALI'!$B$2:$W$744,5,FALSE),"") -> 2500000 | N65: =IF($G65<>"",VLOOKUP($G65,'MASTER TOKO BALI'!$B$2:$W$744,21,FALSE),"") -> NON ZONA HITAM | P65: =IF($G65<>"",VLOOKUP($G65,'MASTER TOKO BALI'!$B$2:$W$740,7,FALSE),"") -> IKN
A66: =A65+1 -> 59 | B66: TEAM 6 | C66: ANGGA ARDIAN | D66: KADEK GALANG | E66: RABU | G66: TYZX | H66: =IF($G66<>"",VLOOKUP($G66,'MASTER TOKO BALI'!$B$2:$W$744,2,FALSE),"") -> YCG.MAHENDRADATA - GIANYAR | I66: =IF($G66<>"",VLOOKUP($G66,'MASTER TOKO BALI'!$B$2:$W$744,4,FALSE),"") -> 429541707 | J66: 46267 | K66: =IF($G66<>"",VLOOKUP($G66,'MASTER TOKO BALI'!$B$2:$W$744,12,FALSE),"") -> Q3 | L66: =IF($G66<>"",VLOOKUP($G66,'MASTER TOKO BALI'!$B$2:$W$744,5,FALSE),"") -> 3000000 | N66: =IF($G66<>"",VLOOKUP($G66,'MASTER TOKO BALI'!$B$2:$W$744,21,FALSE),"") -> NON ZONA HITAM | P66: =IF($G66<>"",VLOOKUP($G66,'MASTER TOKO BALI'!$B$2:$W$740,7,FALSE),"") -> IKS
A67: =A66+1 -> 60 | B67: TEAM GABUNG | C67: ANGGA ARDIAN | D67: ANGGA AR EXTRA | E67: RABU | G67: TSZJ | H67: =IF($G67<>"",VLOOKUP($G67,'MASTER TOKO BALI'!$B$2:$W$744,2,FALSE),"") -> YCG.PASUNG GERIGIS_GYR | I67: =IF($G67<>"",VLOOKUP($G67,'MASTER TOKO BALI'!$B$2:$W$744,4,FALSE),"") -> 432320166 | J67: 46267 | K67: =IF($G67<>"",VLOOKUP($G67,'MASTER TOKO BALI'!$B$2:$W$744,12,FALSE),"") -> Q3 | L67: =IF($G67<>"",VLOOKUP($G67,'MASTER TOKO BALI'!$B$2:$W$744,5,FALSE),"") -> 2000000 | N67: =IF($G67<>"",VLOOKUP($G67,'MASTER TOKO BALI'!$B$2:$W$744,21,FALSE),"") -> NON ZONA HITAM | P67: =IF($G67<>"",VLOOKUP($G67,'MASTER TOKO BALI'!$B$2:$W$740,7,FALSE),"") -> IKS
A68: =A67+1 -> 61 | B68: TEAM 7 | C68: ABDUL | D68: JULIANTO | E68: RABU | G68: T9AL | H68: =IF($G68<>"",VLOOKUP($G68,'MASTER TOKO BALI'!$B$2:$W$744,2,FALSE),"") -> CANGGU 2 - BADUNG | I68: =IF($G68<>"",VLOOKUP($G68,'MASTER TOKO BALI'!$B$2:$W$744,4,FALSE),"") -> 410841321 | J68: 46267 | K68: =IF($G68<>"",VLOOKUP($G68,'MASTER TOKO BALI'!$B$2:$W$744,12,FALSE),"") -> Q3 | L68: =IF($G68<>"",VLOOKUP($G68,'MASTER TOKO BALI'!$B$2:$W$744,5,FALSE),"") -> 2000000 | N68: =IF($G68<>"",VLOOKUP($G68,'MASTER TOKO BALI'!$B$2:$W$744,21,FALSE),"") -> NON ZONA HITAM | P68: =IF($G68<>"",VLOOKUP($G68,'MASTER TOKO BALI'!$B$2:$W$740,7,FALSE),"") -> IGS
A69: =A68+1 -> 62 | B69: TEAM GABUNG | C69: ABDUL | D69: ABDUL EXTRA | E69: RABU | G69: TETU | H69: =IF($G69<>"",VLOOKUP($G69,'MASTER TOKO BALI'!$B$2:$W$744,2,FALSE),"") -> PANTAI BERAWA - BADUNG | I69: =IF($G69<>"",VLOOKUP($G69,'MASTER TOKO BALI'!$B$2:$W$744,4,FALSE),"") -> 395060887 | J69: 46267 | K69: =IF($G69<>"",VLOOKUP($G69,'MASTER TOKO BALI'!$B$2:$W$744,12,FALSE),"") -> Q3 | L69: =IF($G69<>"",VLOOKUP($G69,'MASTER TOKO BALI'!$B$2:$W$744,5,FALSE),"") -> 2000000 | N69: =IF($G69<>"",VLOOKUP($G69,'MASTER TOKO BALI'!$B$2:$W$744,21,FALSE),"") -> NON ZONA HITAM | P69: =IF($G69<>"",VLOOKUP($G69,'MASTER TOKO BALI'!$B$2:$W$740,7,FALSE),"") -> IGS
A70: =A69+1 -> 63 | B70: TEAM 8 | C70: ABDUL | D70: BAGUS AKBAR | E70: RABU | G70: FJMM | H70: =IF($G70<>"",VLOOKUP($G70,'MASTER TOKO BALI'!$B$2:$W$744,2,FALSE),"") -> ANGGUNGAN - BADUNG | I70: =IF($G70<>"",VLOOKUP($G70,'MASTER TOKO BALI'!$B$2:$W$744,4,FALSE),"") -> 491226801 | J70: 46267 | K70: =IF($G70<>"",VLOOKUP($G70,'MASTER TOKO BALI'!$B$2:$W$744,12,FALSE),"") -> Q3 | L70: =IF($G70<>"",VLOOKUP($G70,'MASTER TOKO BALI'!$B$2:$W$744,5,FALSE),"") -> 2000000 | N70: =IF($G70<>"",VLOOKUP($G70,'MASTER TOKO BALI'!$B$2:$W$744,21,FALSE),"") -> NON ZONA HITAM | P70: =IF($G70<>"",VLOOKUP($G70,'MASTER TOKO BALI'!$B$2:$W$740,7,FALSE),"") -> IWS
A71: =A70+1 -> 64 | B71: TEAM GABUNG | C71: ABDUL | D71: ABDUL EXTRA | E71: RABU | G71: TAEE | H71: =IF($G71<>"",VLOOKUP($G71,'MASTER TOKO BALI'!$B$2:$W$744,2,FALSE),"") -> SANDING- GIANYAR | I71: =IF($G71<>"",VLOOKUP($G71,'MASTER TOKO BALI'!$B$2:$W$744,4,FALSE),"") -> 383509061 | J71: 46267 | K71: =IF($G71<>"",VLOOKUP($G71,'MASTER TOKO BALI'!$B$2:$W$744,12,FALSE),"") -> Q3 | L71: =IF($G71<>"",VLOOKUP($G71,'MASTER TOKO BALI'!$B$2:$W$744,5,FALSE),"") -> 2000000 | N71: =IF($G71<>"",VLOOKUP($G71,'MASTER TOKO BALI'!$B$2:$W$744,21,FALSE),"") -> NON ZONA HITAM | P71: =IF($G71<>"",VLOOKUP($G71,'MASTER TOKO BALI'!$B$2:$W$740,7,FALSE),"") -> IKS
... A74: =A73+1 -> 67 | B74: TEAM 10 | C74: PASEK | D74: M.LUTFI | E74: RABU | G74: F02X | H74: =IF($G74<>"",VLOOKUP($G74,'MASTER TOKO BALI'!$B$2:$W$744,2,FALSE),"") -> IMAM BONJOL - DENPASAR | I74: =IF($G74<>"",VLOOKUP($G74,'MASTER TOKO BALI'!$B$2:$W$744,4,FALSE),"") -> 479482772 | J74: 46267 | K74: =IF($G74<>"",VLOOKUP($G74,'MASTER TOKO BALI'!$B$2:$W$744,12,FALSE),"") -> M | L74: =IF($G74<>"",VLOOKUP($G74,'MASTER TOKO BALI'!$B$2:$W$744,5,FALSE),"") -> 2500000 | N74: =IF($G74<>"",VLOOKUP($G74,'MASTER TOKO BALI'!$B$2:$W$744,21,FALSE),"") -> ZONA HITAM | P74: =IF($G74<>"",VLOOKUP($G74,'MASTER TOKO BALI'!$B$2:$W$740,7,FALSE),"") -> DOM
A75: =A74+1 -> 68 | B75: TIM GABUNG | C75: PASEK | D75: PASEK EKSTRA | E75: RABU | H75: =IF($G75<>"",VLOOKUP($G75,'MASTER TOKO BALI'!$B$2:$W$744,2,FALSE),"") | I75: =IF($G75<>"",VLOOKUP($G75,'MASTER TOKO BALI'!$B$2:$W$744,4,FALSE),"") | J75: 46267 | K75: =IF($G75<>"",VLOOKUP($G75,'MASTER TOKO BALI'!$B$2:$W$744,12,FALSE),"") | L75: =IF($G75<>"",VLOOKUP($G75,'MASTER TOKO BALI'!$B$2:$W$744,5,FALSE),"") | N75: =IF($G75<>"",VLOOKUP($G75,'MASTER TOKO BALI'!$B$2:$W$744,21,FALSE),"") | P75: =IF($G75<>"",VLOOKUP($G75,'MASTER TOKO BALI'!$B$2:$W$740,7,FALSE),"")
A76: =A75+1 -> 69 | B76: TEAM 11 | C76: BISMA | D76: BUJANGGA | E76: RABU | G76: FT5N | H76: =IF($G76<>"",VLOOKUP($G76,'MASTER TOKO BALI'!$B$2:$W$744,2,FALSE),"") -> PATIMURA - DENPASAR | I76: =IF($G76<>"",VLOOKUP($G76,'MASTER TOKO BALI'!$B$2:$W$744,4,FALSE),"") -> 399171648 | J76: 46267 | K76: =IF($G76<>"",VLOOKUP($G76,'MASTER TOKO BALI'!$B$2:$W$744,12,FALSE),"") -> M | L76: =IF($G76<>"",VLOOKUP($G76,'MASTER TOKO BALI'!$B$2:$W$744,5,FALSE),"") -> 2000000 | N76: =IF($G76<>"",VLOOKUP($G76,'MASTER TOKO BALI'!$B$2:$W$744,21,FALSE),"") -> NON ZONA HITAM | P76: =IF($G76<>"",VLOOKUP($G76,'MASTER TOKO BALI'!$B$2:$W$740,7,FALSE),"") -> ADR
A77: =A76+1 -> 70 | B77: TIM GABUNG | C77: BISMA | D77: BISMA EKSTRA | E77: RABU | G77: F3QQ | H77: =IF($G77<>"",VLOOKUP($G77,'MASTER TOKO BALI'!$B$2:$W$744,2,FALSE),"") -> PULAU TARAKAN - DENPASAR | I77: =IF($G77<>"",VLOOKUP($G77,'MASTER TOKO BALI'!$B$2:$W$744,4,FALSE),"") -> 375174949 | J77: 46267 | K77: =IF($G77<>"",VLOOKUP($G77,'MASTER TOKO BALI'!$B$2:$W$744,12,FALSE),"") -> M | L77: =IF($G77<>"",VLOOKUP($G77,'MASTER TOKO BALI'!$B$2:$W$744,5,FALSE),"") -> 2000000 | N77: =IF($G77<>"",VLOOKUP($G77,'MASTER TOKO BALI'!$B$2:$W$744,21,FALSE),"") -> ZONA HITAM | P77: =IF($G77<>"",VLOOKUP($G77,'MASTER TOKO BALI'!$B$2:$W$740,7,FALSE),"") -> DOM
A78: =A77+1 -> 71 | B78: TEAM 12 | C78: BISMA | D78: GEDE ARIASA | E78: RABU | G78: TVCI | H78: =IF($G78<>"",VLOOKUP($G78,'MASTER TOKO BALI'!$B$2:$W$744,2,FALSE),"") -> YCG.KALIBUKBUK - SINGARAJA | I78: =IF($G78<>"",VLOOKUP($G78,'MASTER TOKO BALI'!$B$2:$W$744,4,FALSE),"") -> 560202175 | J78: 46267 | K78: =IF($G78<>"",VLOOKUP($G78,'MASTER TOKO BALI'!$B$2:$W$744,12,FALSE),"") -> Q3 | L78: =IF($G78<>"",VLOOKUP($G78,'MASTER TOKO BALI'!$B$2:$W$744,5,FALSE),"") -> 3000000 | N78: =IF($G78<>"",VLOOKUP($G78,'MASTER TOKO BALI'!$B$2:$W$744,21,FALSE),"") -> NON ZONA HITAM | P78: =IF($G78<>"",VLOOKUP($G78,'MASTER TOKO BALI'!$B$2:$W$740,7,FALSE),"") -> IKD
A79: =A78+1 -> 72 | B79: TIM GABUNG | C79: BISMA | D79: BISMA EKSTRA | E79: RABU | H79: =IF($G79<>"",VLOOKUP($G79,'MASTER TOKO BALI'!$B$2:$W$744,2,FALSE),"") | I79: =IF($G79<>"",VLOOKUP($G79,'MASTER TOKO BALI'!$B$2:$W$744,4,FALSE),"") | J79: 46267 | K79: =IF($G79<>"",VLOOKUP($G79,'MASTER TOKO BALI'!$B$2:$W$744,12,FALSE),"") | L79: =IF($G79<>"",VLOOKUP($G79,'MASTER TOKO BALI'!$B$2:$W$744,5,FALSE),"") | N79: =IF($G79<>"",VLOOKUP($G79,'MASTER TOKO BALI'!$B$2:$W$744,21,FALSE),"") | P79: =IF($G79<>"",VLOOKUP($G79,'MASTER TOKO BALI'!$B$2:$W$740,7,FALSE),"")
H80: =IF($G80<>"",VLOOKUP($G80,'MASTER TOKO BALI'!$B$2:$W$744,2,FALSE),"") | I80: =IF($G80<>"",VLOOKUP($G80,'MASTER TOKO BALI'!$B$2:$W$744,4,FALSE),"") | K80: =IF($G80<>"",VLOOKUP($G80,'MASTER TOKO BALI'!$B$2:$W$744,12,FALSE),"") | L80: =IF($G80<>"",VLOOKUP($G80,'MASTER TOKO BALI'!$B$2:$W$744,5,FALSE),"") | N80: =IF($G80<>"",VLOOKUP($G80,'MASTER TOKO BALI'!$B$2:$W$744,21,FALSE),"") | P80: =IF($G80<>"",VLOOKUP($G80,'MASTER TOKO BALI'!$B$2:$W$740,7,FALSE),"")
A81: =A79+1 -> 73 | B81: TEAM 1 | C81: ANGGA RISTA | D81: YOGI SEPTA | E81: KAMIS | I81: =IF($G81<>"",VLOOKUP($G81,'MASTER TOKO BALI'!$B$2:$W$744,4,FALSE),"") | J81: 46268 | K81: =IF($G81<>"",VLOOKUP($G81,'MASTER TOKO BALI'!$B$2:$W$744,12,FALSE),"") | L81: =IF($G81<>"",VLOOKUP($G81,'MASTER TOKO BALI'!$B$2:$W$744,5,FALSE),"") | N81: =IF($G81<>"",VLOOKUP($G81,'MASTER TOKO BALI'!$B$2:$W$744,21,FALSE),"") | P81: =IF($G81<>"",VLOOKUP($G81,'MASTER TOKO BALI'!$B$2:$W$740,7,FALSE),"")
A82: =A81+1 -> 74 | B82: TEAM GABUNG | C82: ANGGA RISTA | D82: ANGGA EKSTRA | E82: KAMIS | I82: =IF($G82<>"",VLOOKUP($G82,'MASTER TOKO BALI'!$B$2:$W$744,4,FALSE),"") | J82: 46268 | K82: =IF($G82<>"",VLOOKUP($G82,'MASTER TOKO BALI'!$B$2:$W$744,12,FALSE),"") | L82: =IF($G82<>"",VLOOKUP($G82,'MASTER TOKO BALI'!$B$2:$W$744,5,FALSE),"") | N82: =IF($G82<>"",VLOOKUP($G82,'MASTER TOKO BALI'!$B$2:$W$744,21,FALSE),"") | P82: =IF($G82<>"",VLOOKUP($G82,'MASTER TOKO BALI'!$B$2:$W$740,7,FALSE),"")
A83: =A82+1 -> 75 | B83: TEAM 2 | C83: ANGGA RISTA | D83: CAHYO | E83: KAMIS | G83: F1HT | H83: =IF($G83<>"",VLOOKUP($G83,'MASTER TOKO BALI'!$B$2:$W$744,2,FALSE),"") -> TAMAN GIRI NO .77 BDG | I83: =IF($G83<>"",VLOOKUP($G83,'MASTER TOKO BALI'!$B$2:$W$744,4,FALSE),"") -> 462389795 | J83: 46268 | K83: =IF($G83<>"",VLOOKUP($G83,'MASTER TOKO BALI'!$B$2:$W$744,12,FALSE),"") -> M | L83: =IF($G83<>"",VLOOKUP($G83,'MASTER TOKO BALI'!$B$2:$W$744,5,FALSE),"") -> 2500000 | N83: =IF($G83<>"",VLOOKUP($G83,'MASTER TOKO BALI'!$B$2:$W$744,21,FALSE),"") -> NON ZONA HITAM | P83: =IF($G83<>"",VLOOKUP($G83,'MASTER TOKO BALI'!$B$2:$W$740,7,FALSE),"") -> REN
A84: =A83+1 -> 76 | B84: TEAM GABUNG | C84: ANGGA RISTA | D84: ANGGA EKSTRA | E84: KAMIS | G84: TV5I | H84: =IF($G84<>"",VLOOKUP($G84,'MASTER TOKO BALI'!$B$2:$W$744,2,FALSE),"") -> PRATAMA 38 - BADUNG | I84: =IF($G84<>"",VLOOKUP($G84,'MASTER TOKO BALI'!$B$2:$W$744,4,FALSE),"") -> 406956920 | J84: 46268 | K84: =IF($G84<>"",VLOOKUP($G84,'MASTER TOKO BALI'!$B$2:$W$744,12,FALSE),"") -> Q3 | L84: =IF($G84<>"",VLOOKUP($G84,'MASTER TOKO BALI'!$B$2:$W$744,5,FALSE),"") -> 2000000 | N84: =IF($G84<>"",VLOOKUP($G84,'MASTER TOKO BALI'!$B$2:$W$744,21,FALSE),"") -> NON ZONA HITAM | P84: =IF($G84<>"",VLOOKUP($G84,'MASTER TOKO BALI'!$B$2:$W$740,7,FALSE),"") -> REN
A85: =A84+1 -> 77 | B85: TEAM 3 | C85: ODI TRI | D85: BAGUS MAULANA | E85: KAMIS | G85: FFG0 | H85: =IF($G85<>"",VLOOKUP($G85,'MASTER TOKO BALI'!$B$2:$W$744,2,FALSE),"") -> TANGKUBAN PERAHU NO 111D -DPS | I85: =IF($G85<>"",VLOOKUP($G85,'MASTER TOKO BALI'!$B$2:$W$744,4,FALSE),"") -> 582084052 | J85: 46268 | K85: =IF($G85<>"",VLOOKUP($G85,'MASTER TOKO BALI'!$B$2:$W$744,12,FALSE),"") -> M | L85: =IF($G85<>"",VLOOKUP($G85,'MASTER TOKO BALI'!$B$2:$W$744,5,FALSE),"") -> 3000000 | N85: =IF($G85<>"",VLOOKUP($G85,'MASTER TOKO BALI'!$B$2:$W$744,21,FALSE),"") -> ZONA HITAM | P85: =IF($G85<>"",VLOOKUP($G85,'MASTER TOKO BALI'!$B$2:$W$740,7,FALSE),"") -> WWD
A86: =A85+1 -> 78 | B86: TEAM GABUNG | C86: ODI TRI | D86: ODI TRI EKSTRA | E86: KAMIS | H86: =IF($G86<>"",VLOOKUP($G86,'MASTER TOKO BALI'!$B$2:$W$744,2,FALSE),"") | I86: =IF($G86<>"",VLOOKUP($G86,'MASTER TOKO BALI'!$B$2:$W$744,4,FALSE),"") | J86: 46268 | K86: =IF($G86<>"",VLOOKUP($G86,'MASTER TOKO BALI'!$B$2:$W$744,12,FALSE),"") | L86: =IF($G86<>"",VLOOKUP($G86,'MASTER TOKO BALI'!$B$2:$W$744,5,FALSE),"") | N86: =IF($G86<>"",VLOOKUP($G86,'MASTER TOKO BALI'!$B$2:$W$744,21,FALSE),"") | P86: =IF($G86<>"",VLOOKUP($G86,'MASTER TOKO BALI'!$B$2:$W$740,7,FALSE),"")
A87: =A86+1 -> 79 | B87: TEAM 4 | C87: ODI TRI | D87: RUDIARTA | E87: KAMIS | G87: F08C | H87: =IF($G87<>"",VLOOKUP($G87,'MASTER TOKO BALI'!$B$2:$W$744,2,FALSE),"") -> KEBO IWA - DENPASAR | I87: =IF($G87<>"",VLOOKUP($G87,'MASTER TOKO BALI'!$B$2:$W$744,4,FALSE),"") -> 507586793 | J87: 46268 | K87: =IF($G87<>"",VLOOKUP($G87,'MASTER TOKO BALI'!$B$2:$W$744,12,FALSE),"") -> M | L87: =IF($G87<>"",VLOOKUP($G87,'MASTER TOKO BALI'!$B$2:$W$744,5,FALSE),"") -> 3500000 | N87: =IF($G87<>"",VLOOKUP($G87,'MASTER TOKO BALI'!$B$2:$W$744,21,FALSE),"") -> NON ZONA HITAM | P87: =IF($G87<>"",VLOOKUP($G87,'MASTER TOKO BALI'!$B$2:$W$740,7,FALSE),"") -> BAS
A88: =A87+1 -> 80 | B88: TEAM GABUNG | C88: ODI TRI | D88: ODI TRI EKSTRA | E88: KAMIS | H88: =IF($G88<>"",VLOOKUP($G88,'MASTER TOKO BALI'!$B$2:$W$744,2,FALSE),"") | I88: =IF($G88<>"",VLOOKUP($G88,'MASTER TOKO BALI'!$B$2:$W$744,4,FALSE),"") | J88: 46268 | K88: =IF($G88<>"",VLOOKUP($G88,'MASTER TOKO BALI'!$B$2:$W$744,12,FALSE),"") | L88: =IF($G88<>"",VLOOKUP($G88,'MASTER TOKO BALI'!$B$2:$W$744,5,FALSE),"") | N88: =IF($G88<>"",VLOOKUP($G88,'MASTER TOKO BALI'!$B$2:$W$744,21,FALSE),"") | P88: =IF($G88<>"",VLOOKUP($G88,'MASTER TOKO BALI'!$B$2:$W$740,7,FALSE),"")
A89: =A88+1 -> 81 | B89: TEAM 5 | C89: ANGGA ARDIAN | D89: RAFLI | E89: KAMIS | G89: F4C8 | H89: =IF($G89<>"",VLOOKUP($G89,'MASTER TOKO BALI'!$B$2:$W$744,2,FALSE),"") -> PC.PC.HIKING G.BATUR | I89: =IF($G89<>"",VLOOKUP($G89,'MASTER TOKO BALI'!$B$2:$W$744,4,FALSE),"") -> 641945341 | J89: 46268 | K89: =IF($G89<>"",VLOOKUP($G89,'MASTER TOKO BALI'!$B$2:$W$744,12,FALSE),"") -> M | L89: =IF($G89<>"",VLOOKUP($G89,'MASTER TOKO BALI'!$B$2:$W$744,5,FALSE),"") -> 3500000 | N89: =IF($G89<>"",VLOOKUP($G89,'MASTER TOKO BALI'!$B$2:$W$744,21,FALSE),"") -> NON ZONA HITAM | P89: =IF($G89<>"",VLOOKUP($G89,'MASTER TOKO BALI'!$B$2:$W$740,7,FALSE),"") -> MRZ
A90: =A89+1 -> 82 | B90: TEAM GABUNG | C90: ANGGA ARDIAN | D90: ANGGA AR EXTRA | E90: KAMIS | H90: =IF($G90<>"",VLOOKUP($G90,'MASTER TOKO BALI'!$B$2:$W$744,2,FALSE),"") | I90: =IF($G90<>"",VLOOKUP($G90,'MASTER TOKO BALI'!$B$2:$W$744,4,FALSE),"") | J90: 46268 | K90: =IF($G90<>"",VLOOKUP($G90,'MASTER TOKO BALI'!$B$2:$W$744,12,FALSE),"") | L90: =IF($G90<>"",VLOOKUP($G90,'MASTER TOKO BALI'!$B$2:$W$744,5,FALSE),"") | N90: =IF($G90<>"",VLOOKUP($G90,'MASTER TOKO BALI'!$B$2:$W$744,21,FALSE),"") | P90: =IF($G90<>"",VLOOKUP($G90,'MASTER TOKO BALI'!$B$2:$W$740,7,FALSE),"")
A91: =A90+1 -> 83 | B91: TEAM 6 | C91: ANGGA ARDIAN | D91: KADEK GALANG | E91: KAMIS | G91: TQ89 | H91: =IF($G91<>"",VLOOKUP($G91,'MASTER TOKO BALI'!$B$2:$W$744,2,FALSE),"") -> PC.PC.FLAMBOYAN - KLUNGKUNG | I91: =IF($G91<>"",VLOOKUP($G91,'MASTER TOKO BALI'!$B$2:$W$744,4,FALSE),"") -> 623457415 | J91: 46268 | K91: =IF($G91<>"",VLOOKUP($G91,'MASTER TOKO BALI'!$B$2:$W$744,12,FALSE),"") -> M | L91: =IF($G91<>"",VLOOKUP($G91,'MASTER TOKO BALI'!$B$2:$W$744,5,FALSE),"") -> 3500000 | N91: =IF($G91<>"",VLOOKUP($G91,'MASTER TOKO BALI'!$B$2:$W$744,21,FALSE),"") -> NON ZONA HITAM | P91: =IF($G91<>"",VLOOKUP($G91,'MASTER TOKO BALI'!$B$2:$W$740,7,FALSE),"") -> TSD
A92: =A91+1 -> 84 | B92: TEAM GABUNG | C92: ANGGA ARDIAN | D92: ANGGA AR EXTRA | E92: KAMIS | H92: =IF($G92<>"",VLOOKUP($G92,'MASTER TOKO BALI'!$B$2:$W$744,2,FALSE),"") | I92: =IF($G92<>"",VLOOKUP($G92,'MASTER TOKO BALI'!$B$2:$W$744,4,FALSE),"") | J92: 46268 | K92: =IF($G92<>"",VLOOKUP($G92,'MASTER TOKO BALI'!$B$2:$W$744,12,FALSE),"") | L92: =IF($G92<>"",VLOOKUP($G92,'MASTER TOKO BALI'!$B$2:$W$744,5,FALSE),"") | N92: =IF($G92<>"",VLOOKUP($G92,'MASTER TOKO BALI'!$B$2:$W$744,21,FALSE),"") | P92: =IF($G92<>"",VLOOKUP($G92,'MASTER TOKO BALI'!$B$2:$W$740,7,FALSE),"")
A93: =A92+1 -> 85 | B93: TEAM 7 | C93: ABDUL | D93: JULIANTO | E93: KAMIS | G93: TKVY | H93: =IF($G93<>"",VLOOKUP($G93,'MASTER TOKO BALI'!$B$2:$W$744,2,FALSE),"") -> PC.PC BONGKASA - BADUNG | I93: =IF($G93<>"",VLOOKUP($G93,'MASTER TOKO BALI'!$B$2:$W$744,4,FALSE),"") -> 613434387 | J93: 46268 | K93: =IF($G93<>"",VLOOKUP($G93,'MASTER TOKO BALI'!$B$2:$W$744,12,FALSE),"") -> M | L93: =IF($G93<>"",VLOOKUP($G93,'MASTER TOKO BALI'!$B$2:$W$744,5,FALSE),"") -> 3000000 | N93: =IF($G93<>"",VLOOKUP($G93,'MASTER TOKO BALI'!$B$2:$W$744,21,FALSE),"") -> NON ZONA HITAM | P93: =IF($G93<>"",VLOOKUP($G93,'MASTER TOKO BALI'!$B$2:$W$740,7,FALSE),"") -> GMJ
A94: =A93+1 -> 86 | B94: TEAM GABUNG | C94: ABDUL | D94: ABDUL EXTRA | E94: KAMIS | H94: =IF($G94<>"",VLOOKUP($G94,'MASTER TOKO BALI'!$B$2:$W$744,2,FALSE),"") | I94: =IF($G94<>"",VLOOKUP($G94,'MASTER TOKO BALI'!$B$2:$W$744,4,FALSE),"") | J94: 46268 | K94: =IF($G94<>"",VLOOKUP($G94,'MASTER TOKO BALI'!$B$2:$W$744,12,FALSE),"") | L94: =IF($G94<>"",VLOOKUP($G94,'MASTER TOKO BALI'!$B$2:$W$744,5,FALSE),"") | N94: =IF($G94<>"",VLOOKUP($G94,'MASTER TOKO BALI'!$B$2:$W$744,21,FALSE),"") | P94: =IF($G94<>"",VLOOKUP($G94,'MASTER TOKO BALI'!$B$2:$W$740,7,FALSE),"")
A95: =A94+1 -> 87 | B95: TEAM 8 | C95: ABDUL | D95: BAGUS AKBAR | E95: KAMIS | G95: FAH8 | H95: =IF($G95<>"",VLOOKUP($G95,'MASTER TOKO BALI'!$B$2:$W$744,2,FALSE),"") -> PC.PC.RAYA PUNCAK MANGGU - BDG | I95: =IF($G95<>"",VLOOKUP($G95,'MASTER TOKO BALI'!$B$2:$W$744,4,FALSE),"") -> 652843769 | J95: 46268 | K95: =IF($G95<>"",VLOOKUP($G95,'MASTER TOKO BALI'!$B$2:$W$744,12,FALSE),"") -> M | L95: =IF($G95<>"",VLOOKUP($G95,'MASTER TOKO BALI'!$B$2:$W$744,5,FALSE),"") -> 3000000 | N95: =IF($G95<>"",VLOOKUP($G95,'MASTER TOKO BALI'!$B$2:$W$744,21,FALSE),"") -> NON ZONA HITAM | P95: =IF($G95<>"",VLOOKUP($G95,'MASTER TOKO BALI'!$B$2:$W$740,7,FALSE),"") -> IWS
A96: =A95+1 -> 88 | B96: TEAM GABUNG | C96: ABDUL | D96: ABDUL EXTRA | E96: KAMIS | H96: =IF($G96<>"",VLOOKUP($G96,'MASTER TOKO BALI'!$B$2:$W$744,2,FALSE),"") | I96: =IF($G96<>"",VLOOKUP($G96,'MASTER TOKO BALI'!$B$2:$W$744,4,FALSE),"") | J96: 46268 | K96: =IF($G96<>"",VLOOKUP($G96,'MASTER TOKO BALI'!$B$2:$W$744,12,FALSE),"") | L96: =IF($G96<>"",VLOOKUP($G96,'MASTER TOKO BALI'!$B$2:$W$744,5,FALSE),"") | N96: =IF($G96<>"",VLOOKUP($G96,'MASTER TOKO BALI'!$B$2:$W$744,21,FALSE),"") | P96: =IF($G96<>"",VLOOKUP($G96,'MASTER TOKO BALI'!$B$2:$W$740,7,FALSE),"")
A97: =A96+1 -> 89 | B97: TEAM 9 | C97: PASEK | D97: AGUNG DWI | E97: KAMIS | G97: TGHK | H97: =IF($G97<>"",VLOOKUP($G97,'MASTER TOKO BALI'!$B$2:$W$744,2,FALSE),"") -> PC.PC.GUNUNG ATHENA_DPS | I97: =IF($G97<>"",VLOOKUP($G97,'MASTER TOKO BALI'!$B$2:$W$744,4,FALSE),"") -> 599698954 | J97: 46268 | K97: =IF($G97<>"",VLOOKUP($G97,'MASTER TOKO BALI'!$B$2:$W$744,12,FALSE),"") -> M | L97: =IF($G97<>"",VLOOKUP($G97,'MASTER TOKO BALI'!$B$2:$W$744,5,FALSE),"") -> 4000000 | N97: =IF($G97<>"",VLOOKUP($G97,'MASTER TOKO BALI'!$B$2:$W$744,21,FALSE),"") -> NON ZONA HITAM | P97: =IF($G97<>"",VLOOKUP($G97,'MASTER TOKO BALI'!$B$2:$W$740,7,FALSE),"") -> KSM
A98: =A97+1 -> 90 | B98: TEAM GABUNG | C98: PASEK | D98: PASEK EKSTRA | E98: KAMIS | G98: TFFV | H98: =IF($G98<>"",VLOOKUP($G98,'MASTER TOKO BALI'!$B$2:$W$744,2,FALSE),"") -> TANGKUBAN PERAHU - DENPASAR | I98: =IF($G98<>"",VLOOKUP($G98,'MASTER TOKO BALI'!$B$2:$W$744,4,FALSE),"") -> 438800769 | J98: 46268 | K98: =IF($G98<>"",VLOOKUP($G98,'MASTER TOKO BALI'!$B$2:$W$744,12,FALSE),"") -> M | L98: =IF($G98<>"",VLOOKUP($G98,'MASTER TOKO BALI'!$B$2:$W$744,5,FALSE),"") -> 2000000 | N98: =IF($G98<>"",VLOOKUP($G98,'MASTER TOKO BALI'!$B$2:$W$744,21,FALSE),"") -> NON ZONA HITAM | P98: =IF($G98<>"",VLOOKUP($G98,'MASTER TOKO BALI'!$B$2:$W$740,7,FALSE),"") -> BAS
A99: =A98+1 -> 91 | B99: TEAM 10 | C99: PASEK | D99: M.LUTFI | E99: KAMIS | G99: TC7G | H99: =IF($G99<>"",VLOOKUP($G99,'MASTER TOKO BALI'!$B$2:$W$744,2,FALSE),"") -> PC.PC.BUANA RAYA NO 07-DPS | I99: =IF($G99<>"",VLOOKUP($G99,'MASTER TOKO BALI'!$B$2:$W$744,4,FALSE),"") -> 452517709 | J99: 46268 | K99: =IF($G99<>"",VLOOKUP($G99,'MASTER TOKO BALI'!$B$2:$W$744,12,FALSE),"") -> M | L99: =IF($G99<>"",VLOOKUP($G99,'MASTER TOKO BALI'!$B$2:$W$744,5,FALSE),"") -> 2500000 | N99: =IF($G99<>"",VLOOKUP($G99,'MASTER TOKO BALI'!$B$2:$W$744,21,FALSE),"") -> NON ZONA HITAM | P99: =IF($G99<>"",VLOOKUP($G99,'MASTER TOKO BALI'!$B$2:$W$740,7,FALSE),"") -> WWD
A100: =A99+1 -> 92 | B100: TIM GABUNG | C100: PASEK | D100: PASEK EKSTRA | E100: KAMIS | H100: =IF($G100<>"",VLOOKUP($G100,'MASTER TOKO BALI'!$B$2:$W$744,2,FALSE),"") | I100: =IF($G100<>"",VLOOKUP($G100,'MASTER TOKO BALI'!$B$2:$W$744,4,FALSE),"") | J100: 46268 | K100: =IF($G100<>"",VLOOKUP($G100,'MASTER TOKO BALI'!$B$2:$W$744,12,FALSE),"") | L100: =IF($G100<>"",VLOOKUP($G100,'MASTER TOKO BALI'!$B$2:$W$744,5,FALSE),"") | N100: =IF($G100<>"",VLOOKUP($G100,'MASTER TOKO BALI'!$B$2:$W$744,21,FALSE),"") | P100: =IF($G100<>"",VLOOKUP($G100,'MASTER TOKO BALI'!$B$2:$W$740,7,FALSE),"")
A101: =A100+1 -> 93 | B101: TEAM 11 | C101: BISMA | D101: BUJANGGA | E101: KAMIS | G101: TWMC | H101: =IF($G101<>"",VLOOKUP($G101,'MASTER TOKO BALI'!$B$2:$W$744,2,FALSE),"") -> PC.PC.NANGKA SELATAN NO 76 - DENPASAR | I101: =IF($G101<>"",VLOOKUP($G101,'MASTER TOKO BALI'!$B$2:$W$744,4,FALSE),"") -> 500461834 | J101: 46268 | K101: =IF($G101<>"",VLOOKUP($G101,'MASTER TOKO BALI'!$B$2:$W$744,12,FALSE),"") -> M | L101: =IF($G101<>"",VLOOKUP($G101,'MASTER TOKO BALI'!$B$2:$W$744,5,FALSE),"") -> 2000000 | N101: =IF($G101<>"",VLOOKUP($G101,'MASTER TOKO BALI'!$B$2:$W$744,21,FALSE),"") -> NON ZONA HITAM | P101: =IF($G101<>"",VLOOKUP($G101,'MASTER TOKO BALI'!$B$2:$W$740,7,FALSE),"") -> MAS
A102: =A101+1 -> 94 | B102: TIM GABUNG | C102: BISMA | D102: BISMA EKSTRA | E102: KAMIS | H102: =IF($G102<>"",VLOOKUP($G102,'MASTER TOKO BALI'!$B$2:$W$744,2,FALSE),"") | I102: =IF($G102<>"",VLOOKUP($G102,'MASTER TOKO BALI'!$B$2:$W$744,4,FALSE),"") | J102: 46268 | K102: =IF($G102<>"",VLOOKUP($G102,'MASTER TOKO BALI'!$B$2:$W$744,12,FALSE),"") | L102: =IF($G102<>"",VLOOKUP($G102,'MASTER TOKO BALI'!$B$2:$W$744,5,FALSE),"") | N102: =IF($G102<>"",VLOOKUP($G102,'MASTER TOKO BALI'!$B$2:$W$744,21,FALSE),"") | P102: =IF($G102<>"",VLOOKUP($G102,'MASTER TOKO BALI'!$B$2:$W$740,7,FALSE),"")
A103: =A102+1 -> 95 | B103: TEAM 12 | C103: BISMA | D103: GEDE ARIASA | E103: KAMIS | G103: FUDU | H103: =IF($G103<>"",VLOOKUP($G103,'MASTER TOKO BALI'!$B$2:$W$744,2,FALSE),"") -> BANYUATIS - SINGARAJA | I103: =IF($G103<>"",VLOOKUP($G103,'MASTER TOKO BALI'!$B$2:$W$744,4,FALSE),"") -> 555818608 | J103: 46268 | K103: =IF($G103<>"",VLOOKUP($G103,'MASTER TOKO BALI'!$B$2:$W$744,12,FALSE),"") -> M | L103: =IF($G103<>"",VLOOKUP($G103,'MASTER TOKO BALI'!$B$2:$W$744,5,FALSE),"") -> 2000000 | N103: =IF($G103<>"",VLOOKUP($G103,'MASTER TOKO BALI'!$B$2:$W$744,21,FALSE),"") -> NON ZONA HITAM | P103: =IF($G103<>"",VLOOKUP($G103,'MASTER TOKO BALI'!$B$2:$W$740,7,FALSE),"") -> IBN
A104: =A103+1 -> 96 | B104: TIM GABUNG | C104: BISMA | D104: BISMA EKSTRA | E104: KAMIS | I104: =IF($G104<>"",VLOOKUP($G104,'MASTER TOKO BALI'!$B$2:$W$744,4,FALSE),"") | J104: 46268 | K104: =IF($G104<>"",VLOOKUP($G104,'MASTER TOKO BALI'!$B$2:$W$744,12,FALSE),"") | L104: =IF($G104<>"",VLOOKUP($G104,'MASTER TOKO BALI'!$B$2:$W$744,5,FALSE),"") | N104: =IF($G104<>"",VLOOKUP($G104,'MASTER TOKO BALI'!$B$2:$W$744,21,FALSE),"") | P104: =IF($G104<>"",VLOOKUP($G104,'MASTER TOKO BALI'!$B$2:$W$740,7,FALSE),"")
H105: =IF($G105<>"",VLOOKUP($G105,'MASTER TOKO BALI'!$B$2:$W$744,2,FALSE),"") | I105: =IF($G105<>"",VLOOKUP($G105,'MASTER TOKO BALI'!$B$2:$W$744,4,FALSE),"") | K105: =IF($G105<>"",VLOOKUP($G105,'MASTER TOKO BALI'!$B$2:$W$744,12,FALSE),"") | L105: =IF($G105<>"",VLOOKUP($G105,'MASTER TOKO BALI'!$B$2:$W$744,5,FALSE),"") | N105: =IF($G105<>"",VLOOKUP($G105,'MASTER TOKO BALI'!$B$2:$W$744,21,FALSE),"") | P105: =IF($G105<>"",VLOOKUP($G105,'MASTER TOKO BALI'!$B$2:$W$740,7,FALSE),"")
A106: =A104+1 -> 97 | B106: TEAM 1 | C106: ANGGA RISTA | D106: YOGI SEPTA | E106: JUMAT | G106: TKV3 | H106: =IF($G106<>"",VLOOKUP($G106,'MASTER TOKO BALI'!$B$2:$W$744,2,FALSE),"") -> PC.PC.PECATU - BADUNG | I106: =IF($G106<>"",VLOOKUP($G106,'MASTER TOKO BALI'!$B$2:$W$744,4,FALSE),"") -> 762285846 | J106: 46269 | K106: =IF($G106<>"",VLOOKUP($G106,'MASTER TOKO BALI'!$B$2:$W$744,12,FALSE),"") -> M | L106: =IF($G106<>"",VLOOKUP($G106,'MASTER TOKO BALI'!$B$2:$W$744,5,FALSE),"") -> 6000000 | N106: =IF($G106<>"",VLOOKUP($G106,'MASTER TOKO BALI'!$B$2:$W$744,21,FALSE),"") -> NON ZONA HITAM | P106: =IF($G106<>"",VLOOKUP($G106,'MASTER TOKO BALI'!$B$2:$W$740,7,FALSE),"") -> ARH
A107: =A106+1 -> 98 | B107: TEAM GABUNG | C107: ANGGA RISTA | D107: ANGGA EKSTRA | E107: JUMAT | H107: =IF($G107<>"",VLOOKUP($G107,'MASTER TOKO BALI'!$B$2:$W$744,2,FALSE),"") | I107: =IF($G107<>"",VLOOKUP($G107,'MASTER TOKO BALI'!$B$2:$W$744,4,FALSE),"") | J107: 46269 | K107: =IF($G107<>"",VLOOKUP($G107,'MASTER TOKO BALI'!$B$2:$W$744,12,FALSE),"") | L107: =IF($G107<>"",VLOOKUP($G107,'MASTER TOKO BALI'!$B$2:$W$744,5,FALSE),"") | N107: =IF($G107<>"",VLOOKUP($G107,'MASTER TOKO BALI'!$B$2:$W$744,21,FALSE),"") | P107: =IF($G107<>"",VLOOKUP($G107,'MASTER TOKO BALI'!$B$2:$W$740,7,FALSE),"")
A108: =A107+1 -> 99 | B108: TEAM 2 | C108: ANGGA RISTA | D108: CAHYO | E108: JUMAT | G108: TSAD | H108: =IF($G108<>"",VLOOKUP($G108,'MASTER TOKO BALI'!$B$2:$W$744,2,FALSE),"") -> PC.PC.DARMAWANGSA 2 - BADUNG | I108: =IF($G108<>"",VLOOKUP($G108,'MASTER TOKO BALI'!$B$2:$W$744,4,FALSE),"") -> 538368140 | J108: 46269 | K108: =IF($G108<>"",VLOOKUP($G108,'MASTER TOKO BALI'!$B$2:$W$744,12,FALSE),"") -> M | L108: =IF($G108<>"",VLOOKUP($G108,'MASTER TOKO BALI'!$B$2:$W$744,5,FALSE),"") -> 3000000 | N108: =IF($G108<>"",VLOOKUP($G108,'MASTER TOKO BALI'!$B$2:$W$744,21,FALSE),"") -> NON ZONA HITAM | P108: =IF($G108<>"",VLOOKUP($G108,'MASTER TOKO BALI'!$B$2:$W$740,7,FALSE),"") -> ANC
A109: =A108+1 -> 100 | B109: TEAM GABUNG | C109: ANGGA RISTA | D109: ANGGA EKSTRA | E109: JUMAT | H109: =IF($G109<>"",VLOOKUP($G109,'MASTER TOKO BALI'!$B$2:$W$744,2,FALSE),"") | I109: =IF($G109<>"",VLOOKUP($G109,'MASTER TOKO BALI'!$B$2:$W$744,4,FALSE),"") | J109: 46269 | K109: =IF($G109<>"",VLOOKUP($G109,'MASTER TOKO BALI'!$B$2:$W$744,12,FALSE),"") | L109: =IF($G109<>"",VLOOKUP($G109,'MASTER TOKO BALI'!$B$2:$W$744,5,FALSE),"") | N109: =IF($G109<>"",VLOOKUP($G109,'MASTER TOKO BALI'!$B$2:$W$744,21,FALSE),"") | P109: =IF($G109<>"",VLOOKUP($G109,'MASTER TOKO BALI'!$B$2:$W$740,7,FALSE),"")
A110: =A109+1 -> 101 | B110: TEAM 3 | C110: ODI TRI | D110: BAGUS MAULANA | E110: JUMAT | G110: FON4 | H110: =IF($G110<>"",VLOOKUP($G110,'MASTER TOKO BALI'!$B$2:$W$744,2,FALSE),"") -> PC.PC.RAYA IR SOEKARNO _TBN | I110: =IF($G110<>"",VLOOKUP($G110,'MASTER TOKO BALI'!$B$2:$W$744,4,FALSE),"") -> 518072960 | J110: 46269 | K110: =IF($G110<>"",VLOOKUP($G110,'MASTER TOKO BALI'!$B$2:$W$744,12,FALSE),"") -> M | L110: =IF($G110<>"",VLOOKUP($G110,'MASTER TOKO BALI'!$B$2:$W$744,5,FALSE),"") -> 3000000 | N110: =IF($G110<>"",VLOOKUP($G110,'MASTER TOKO BALI'!$B$2:$W$744,21,FALSE),"") -> NON ZONA HITAM | P110: =IF($G110<>"",VLOOKUP($G110,'MASTER TOKO BALI'!$B$2:$W$740,7,FALSE),"") -> STN
A111: =A110+1 -> 102 | B111: TEAM GABUNG | C111: ODI TRI | D111: ODI TRI EKSTRA | E111: JUMAT | G111: TJHO | H111: =IF($G111<>"",VLOOKUP($G111,'MASTER TOKO BALI'!$B$2:$W$744,2,FALSE),"") -> YCG.ANYELIR - TABANAN | I111: =IF($G111<>"",VLOOKUP($G111,'MASTER TOKO BALI'!$B$2:$W$744,4,FALSE),"") -> 423592202 | J111: 46269 | K111: =IF($G111<>"",VLOOKUP($G111,'MASTER TOKO BALI'!$B$2:$W$744,12,FALSE),"") -> Q3 | L111: =IF($G111<>"",VLOOKUP($G111,'MASTER TOKO BALI'!$B$2:$W$744,5,FALSE),"") -> 2500000 | N111: =IF($G111<>"",VLOOKUP($G111,'MASTER TOKO BALI'!$B$2:$W$744,21,FALSE),"") -> NON ZONA HITAM | P111: =IF($G111<>"",VLOOKUP($G111,'MASTER TOKO BALI'!$B$2:$W$740,7,FALSE),"") -> STN
A112: =A111+1 -> 103 | B112: TEAM 4 | C112: ODI TRI | D112: RUDIARTA | E112: JUMAT | G112: T16A | H112: =IF($G112<>"",VLOOKUP($G112,'MASTER TOKO BALI'!$B$2:$W$744,2,FALSE),"") -> YCG.ANGGREK - TABANAN | I112: =IF($G112<>"",VLOOKUP($G112,'MASTER TOKO BALI'!$B$2:$W$744,4,FALSE),"") -> 503333395 | J112: 46269 | K112: =IF($G112<>"",VLOOKUP($G112,'MASTER TOKO BALI'!$B$2:$W$744,12,FALSE),"") -> Q3 | L112: =IF($G112<>"",VLOOKUP($G112,'MASTER TOKO BALI'!$B$2:$W$744,5,FALSE),"") -> 2500000 | N112: =IF($G112<>"",VLOOKUP($G112,'MASTER TOKO BALI'!$B$2:$W$744,21,FALSE),"") -> NON ZONA HITAM | P112: =IF($G112<>"",VLOOKUP($G112,'MASTER TOKO BALI'!$B$2:$W$740,7,FALSE),"") -> INP
A113: =A112+1 -> 104 | B113: TEAM GABUNG | C113: ODI TRI | D113: ODI TRI EKSTRA | E113: JUMAT | H113: =IF($G113<>"",VLOOKUP($G113,'MASTER TOKO BALI'!$B$2:$W$744,2,FALSE),"") | I113: =IF($G113<>"",VLOOKUP($G113,'MASTER TOKO BALI'!$B$2:$W$744,4,FALSE),"") | J113: 46269 | K113: =IF($G113<>"",VLOOKUP($G113,'MASTER TOKO BALI'!$B$2:$W$744,12,FALSE),"") | L113: =IF($G113<>"",VLOOKUP($G113,'MASTER TOKO BALI'!$B$2:$W$744,5,FALSE),"") | N113: =IF($G113<>"",VLOOKUP($G113,'MASTER TOKO BALI'!$B$2:$W$744,21,FALSE),"") | P113: =IF($G113<>"",VLOOKUP($G113,'MASTER TOKO BALI'!$B$2:$W$740,7,FALSE),"")
A114: =A113+1 -> 105 | B114: TEAM 5 | C114: ANGGA ARDIAN | D114: RAFLI | E114: JUMAT | G114: T86C | H114: =IF($G114<>"",VLOOKUP($G114,'MASTER TOKO BALI'!$B$2:$W$744,2,FALSE),"") -> YCG.BR. KEDIRI SILAKARANG GYR | I114: =IF($G114<>"",VLOOKUP($G114,'MASTER TOKO BALI'!$B$2:$W$744,4,FALSE),"") -> 420767623 | J114: 46269 | K114: =IF($G114<>"",VLOOKUP($G114,'MASTER TOKO BALI'!$B$2:$W$744,12,FALSE),"") -> Q3 | L114: =IF($G114<>"",VLOOKUP($G114,'MASTER TOKO BALI'!$B$2:$W$744,5,FALSE),"") -> 3000000 | N114: =IF($G114<>"",VLOOKUP($G114,'MASTER TOKO BALI'!$B$2:$W$744,21,FALSE),"") -> NON ZONA HITAM | P114: =IF($G114<>"",VLOOKUP($G114,'MASTER TOKO BALI'!$B$2:$W$740,7,FALSE),"") -> GMJ
A115: =A114+1 -> 106 | B115: TEAM GABUNG | C115: ANGGA ARDIAN | D115: ANGGA AR EXTRA | E115: JUMAT | G115: FCME | H115: =IF($G115<>"",VLOOKUP($G115,'MASTER TOKO BALI'!$B$2:$W$744,2,FALSE),"") -> RAYA SINGAPADU_GYR | I115: =IF($G115<>"",VLOOKUP($G115,'MASTER TOKO BALI'!$B$2:$W$744,4,FALSE),"") -> 403865605 | J115: 46269 | K115: =IF($G115<>"",VLOOKUP($G115,'MASTER TOKO BALI'!$B$2:$W$744,12,FALSE),"") -> M | L115: =IF($G115<>"",VLOOKUP($G115,'MASTER TOKO BALI'!$B$2:$W$744,5,FALSE),"") -> 2000000 | N115: =IF($G115<>"",VLOOKUP($G115,'MASTER TOKO BALI'!$B$2:$W$744,21,FALSE),"") -> ZONA HITAM | P115: =IF($G115<>"",VLOOKUP($G115,'MASTER TOKO BALI'!$B$2:$W$740,7,FALSE),"") -> MRS
A116: =A115+1 -> 107 | B116: TEAM 6 | C116: ANGGA ARDIAN | D116: KADEK GALANG | E116: JUMAT | I116: =IF($G116<>"",VLOOKUP($G116,'MASTER TOKO BALI'!$B$2:$W$744,4,FALSE),"") | J116: 46269 | K116: =IF($G116<>"",VLOOKUP($G116,'MASTER TOKO BALI'!$B$2:$W$744,12,FALSE),"") | L116: =IF($G116<>"",VLOOKUP($G116,'MASTER TOKO BALI'!$B$2:$W$744,5,FALSE),"") | N116: =IF($G116<>"",VLOOKUP($G116,'MASTER TOKO BALI'!$B$2:$W$744,21,FALSE),"") | P116: =IF($G116<>"",VLOOKUP($G116,'MASTER TOKO BALI'!$B$2:$W$740,7,FALSE),"")
A117: =A116+1 -> 108 | B117: TEAM GABUNG | C117: ANGGA ARDIAN | D117: ANGGA AR EXTRA | E117: JUMAT | I117: =IF($G117<>"",VLOOKUP($G117,'MASTER TOKO BALI'!$B$2:$W$744,4,FALSE),"") | J117: 46269 | K117: =IF($G117<>"",VLOOKUP($G117,'MASTER TOKO BALI'!$B$2:$W$744,12,FALSE),"") | L117: =IF($G117<>"",VLOOKUP($G117,'MASTER TOKO BALI'!$B$2:$W$744,5,FALSE),"") | N117: =IF($G117<>"",VLOOKUP($G117,'MASTER TOKO BALI'!$B$2:$W$744,21,FALSE),"") | P117: =IF($G117<>"",VLOOKUP($G117,'MASTER TOKO BALI'!$B$2:$W$740,7,FALSE),"")
A118: =A117+1 -> 109 | B118: TEAM 7 | C118: ABDUL | D118: JULIANTO | E118: JUMAT | G118: TPHE | H118: =IF($G118<>"",VLOOKUP($G118,'MASTER TOKO BALI'!$B$2:$W$744,2,FALSE),"") -> YCG.MERTANADI - BADUNG | I118: =IF($G118<>"",VLOOKUP($G118,'MASTER TOKO BALI'!$B$2:$W$744,4,FALSE),"") -> 432888446 | J118: 46269 | K118: =IF($G118<>"",VLOOKUP($G118,'MASTER TOKO BALI'!$B$2:$W$744,12,FALSE),"") -> Q3 | L118: =IF($G118<>"",VLOOKUP($G118,'MASTER TOKO BALI'!$B$2:$W$744,5,FALSE),"") -> 2500000 | N118: =IF($G118<>"",VLOOKUP($G118,'MASTER TOKO BALI'!$B$2:$W$744,21,FALSE),"") -> NON ZONA HITAM | P118: =IF($G118<>"",VLOOKUP($G118,'MASTER TOKO BALI'!$B$2:$W$740,7,FALSE),"") -> NHY
...

Sheet WILL TOKO SEP
A1: KODE TOKO | C1: NAMA TOKO | D1: AS | E1: AM | F1: TYPE TOKO | G1: TYPE TOKO | H1: TGL PENGISIAN TYPE ORACLE | I1: TGL RELAUNCHING | J1: NAMA KOMPETITOR | K1: JARAK DENGAN IDM | L1: ILC | M1: KATEGORI TOKO ICON | N1: MOTHERSTORE | O1: POINT COFFEE | P1: I KIOS | Q1: DOMAIN | R1: SUBDOMAIN | S1: SOSIOCLASS | T1: TIPE JALAN | U1: STATUS TOKO | V1: ∑ KK | W1: ∑RAK | X1: LUAS TANAH (M2) | Y1: LUAS BANGUNAN (M2) | Z1: LUAS AREA SALES (M2) | AA1: LUAS PARKIR (M2) | AB1: LUAS TERAS (M2) | AC1: LUAS GUDANG (M2) | AD1: KATEGORI GUDANG | AE1: LETAKGUDANG | AF1: JAM BUKA | AG1: JAM TUTUP | AH1: TYPE KIRIMAN | AI1: DC | AJ1: KELURAHAN | AK1: KECAMATAN | AL1: KABUPATEN | AM1: ALAMAT | AN1: WILAYAH | AO1: KOORDINAT | AP1: NO TELP | AQ1: TGL BUKA | AR1: UMUR TOKO (BULAN) | AS1: TGL TAKE OVER | AT1: TGL RENOVASI | AU1: TGL TUTUP RENOVASI | AV1: SPD RAB | AW1: JARAK KE DC (KM) | AX1: KODE POS | AY1: KODE TOKO LAMA
A2: 1 | B2: 2 | C2: 3 | D2: 4 | E2: 5 | F2: 6 | G2: 7 | H2: 8 | I2: 9 | J2: 10 | K2: 11 | L2: 12 | M2: 13 | N2: 14 | O2: 15 | P2: 16 | Q2: 17 | R2: 18 | S2: 19 | T2: 20 | U2: 21 | V2: 22 | W2: 23 | X2: 24 | Y2: 25 | Z2: 26 | AA2: 27 | AB2: 28 | AC2: 29 | AD2: 30 | AE2: 31 | AF2: 32 | AG2: 33 | AH2: 34 | AI2: 35 | AJ2: 36 | AK2: 37 | AL2: 38 | AM2: 39 | AN2: 40 | AO2: 41 | AP2: 42 | AQ2: 43 | AR2: 44 | AS2: 45 | AT2: 46 | AU2: 47 | AV2: 48 | AW2: 49 | AX2: 50 | AY2: 51
A3: F887 | B3: F | C3: GUMBRIH | D3: GNA | E3: JPT | F3: SDS | G3: STANDART | J3: ALFA PULUKAN PEKUTATAN - JBN | K3: 8500 | L3: SA | Q3: TRAFFIC | R3: RESIDENTIAL | S3: MENENGAH BAWAH | T3: Highway | U3: FRANCHISE | V3: 1120 | W3: 61+8 | X3: 199.875 | Y3: 153.0542 | Z3: 90.9721 | AA3: 29.8656 | AB3: 7.6976 | AC3: 24.0198 | AD3: KECIL | AE3: LT1 | AF3: 0.29166667 | AG3: 0.91666667 | AH3: 2DS | AI3: G034 | AJ3: Gumbrih | AK3: PEKUTATAN | AL3: JEMBRANA | AM3: Jl. Denpasar - Gilimanuk, Jembrana - Bali | AN3: BALI | AO3: S8 26 33.7 E114 52 43.3 | AP3: 81139001224 | AQ3: 38467 | AR3: 256 | AT3: 12/03/2022 - 25/03/2022 | AU3: TANPA TUTUP | AV3: 16800000 | AW3: 52.2 | AX3: 82262
A4: TFFV | B4: T | C4: TANGKUBAN PERAHU | D4: BAS | E4: THR | F4: SDS | G4: STANDART | H4: 43686 | I4: 43686 | J4: ALFA (TOKO SHINTA AGUNG) | K4: 400 | L4: HC 400 | N4: OK | Q4: RESIDENTIAL | R4: TRAFFIC | S4: MENENGAH ATAS | T4: Mainstreet | U4: REGULER | V4: 2183 | W4: 62+8 | X4: 227.171 | Y4: 149.0016 | Z4: 112.6896 | AA4: 70.9834 | AB4: 8.2836 | AC4: 137.6499 | AD4: BESAR | AE4: LT2 | AF4: 0.29166667 | AG4: 0.91666667 | AH4: 2DS | AI4: G034 | AJ4: Padang Sambian | AK4: DENPASAR BARAT | AL4: DENPASAR | AM4: Jl. Tangkuban Perahu No. 18X, Denpasar – Bali | AN4: BALI | AO4: S8 39 11.6 E115 11 11.1 | AP4: 81139002295 | AQ4: 38484 | AR4: 255 | AS4: 41183 | AT4: 19/02/2021 - 28/03/2021 | AU4: 16/03/2021 - 27/03/2021 | AV4: 12675000 | AW4: 21.1 | AX4: 80117 | AY4: F965
A5: F55L | B5: F | C5: NEGARA | D5: EKS | E5: SKI | F5: SDS | G5: STANDART | J5: FAMILY_MART | K5: 50 | L5: HH 100 | Q5: RESIDENTIAL | R5: TRAFFIC | S5: MENENGAH ATAS | T5: Mainstreet | U5: FRANCHISE | V5: 2808 | W5: 67+8 | X5: 445.8603 | Y5: 281.3823 | Z5: 119.427 | AA5: 159.273 | AB5: 36.3363 | AC5: 110.9067 | AD5: BESAR | AE5: LT1 | AF5: 0.29166667 | AG5: 0.95833333 | AH5: 2DS | AI5: G034 | AJ5: Lelateng | AK5: NEGARA | AL5: JEMBRANA | AM5: Jl. Gatot Subroto No.22 Negara - Bali | AN5: BALI | AO5: S8 21 38.2 E114 37 26.8 | AP5: 8113806078 | AQ5: 38632 | AR5: 250 | AS5: 39569 | AT5: 15/02/2023 - 06/03/2023 | AU5: 13/02/2023 - 19/02/2023 | AV5: 19705000 | AW5: 85.1 | AX5: 82214 | AY5: TF24
A6: TF43 | B6: T | C6: DALUNG PERMAI | D6: IGS | E6: THR | F6: SDN | G6: STANDART NEW | H6: 45087 | J6: CIRCLE K RAYA DALUNG PERMAI | K6: 70 | L6: HH 100 | O6: OK | P6: OK | Q6: RESIDENTIAL | R6: TRAFFIC | S6: MENENGAH ATAS | T6: Street | U6: REGULER | V6: 3300 | W6: 64+10 | X6: 313.754 | Y6: 211.216 | Z6: 157.4398 | AA6: 86.1045 | AB6: 16.038 | AC6: 132.278 | AD6: BESAR | AE6: LT2 | AF6: 0 | AG6: 0.99930556 | AH6: 1DS | AI6: G034 | AJ6: Dalung | AK6: KUTA UTARA | AL6: BADUNG | AM6: Jl. Dalung Permai No.A9 - A10,Badung - Bali | AN6: BALI | AO6: S8 37 43.1 E115 10 18.6 | AP6: 81139004576 | AQ6: 38700 | AR6: 248 | AT6: 20/08/2022 - 07/09/2022 | AU6: 01/09/2022 - 09/09/2022 | AV6: 30334500 | AW6: 17.7 | AX6: 80363
A7: F01U | B7: F | C7: SUKAWATI | D7: MRS | E7: ATN | F7: SDS | G7: STANDART | J7: CIRCLE K RAYA SUKAWATI | K7: 220 | L7: HC 400 | Q7: TRAFFIC | R7: RESIDENTIAL | S7: MENENGAH ATAS | T7: Mainstreet | U7: FRANCHISE | V7: 2262 | W7: 66+8 | X7: 271.0475 | Y7: 169.235 | Z7: 106.75 | AA7: 121.303 | AB7: 17.4125 | AC7: 38.409 | AD7: SEDANG | AE7: LT1 | AF7: 0 | AG7: 0.99930556 | AH7: 2DS | AI7: G288 | AJ7: Sukawati | AK7: SUKAWATI | AL7: GIANYAR | AM7: Jl. Raya Sukowati no. - , Gianyar - Bali | AN7: BALI | AO7: S8 35 37.4 E115 16 57.4 | AP7: 81139001504 | AQ7: 38764 | AR7: 246 | AS7: 39600 | AT7: 10/02/2023 - 25/02/2023 | AU7: 09/03/2023 - 16/03/2023 | AV7: 23688000 | AW7: 21.5 | AX7: 80582 | AY7: TF57
A8: TF70 | B8: T | C8: KESATRIAN 1 | D8: MKH | E8: ATN | F8: SDN | G8: STANDART NEW | H8: 45725 | J8: ALFA CANDI BARU (KESATRIAN) | K8: 12 | L8: HH 100 | O8: OK | Q8: RESIDENTIAL | R8: TRAFFIC | S8: MENENGAH ATAS | T8: Mainstreet | U8: REGULER | V8: 2037 | W8: 64+8 | X8: 330.252 | Y8: 237.25 | Z8: 126.412 | AA8: 76.076 | AB8: 29.315 | AC8: 71.929 | AD8: BESAR | AE8: LT1 | AF8: 0 | AG8: 0.99930556 | AH8: 2DS | AI8: G288 | AJ8: Gianyar | AK8: GIANYAR | AL8: GIANYAR | AM8: Jl. Ksatrian No. 11, Gianyar - Bali | AN8: BALI | AO8: S8 32 47.5 E115 19 32.5 | AP8: 8113806261 | AQ8: 38826 | AR8: 244 | AT8: 19/01/2022 - 07/02/2022 | AU8: 17/01/2022 - 06/02/2022 | AV8: 20541050 | AW8: 22.7 | AX8: 80511
A9: TF66 | B9: T | C9: UBUD GIANYAR | D9: ISN | E9: SKI | F9: SDN | G9: STANDART NEW | H9: 45087 | J9: ALFA RAYA UBUD | K9: 170 | L9: HC 400 | O9: OK | P9: OK | Q9: TRAFFIC | R9: WISATA/HIBURAN | S9: MENENGAH ATAS | T9: Mainstreet (ICON) | U9: REGULER | V9: 1903 | W9: 64+8 | X9: 451.7505 | Y9: 373.3734 | Z9: 175.5833 | AA9: 68.5048 | AB9: 16.0342 | AC9: 164.6632 | AD9: BESAR | AE9: LT1 | AF9: 0.29166667 | AG9: 0.91666667 | AH9: 1DS | AI9: G288 | AJ9: Peliatan | AK9: UBUD | AL9: GIANYAR | AM9: Jl. Cok Gde Rai No.50 Ubud - Bali | AN9: BALI | AO9: S8 31 16.0 E115 16 06.0 | AP9: 8113806219 | AQ9: 38835 | AR9: 244 | AV9: 37200813 | AW9: 18 | AX9: 80571
A10: TF83 | B10: T | C10: BANGLI | D10: IKN | E10: JUN | F10: SDN | G10: STANDART NEW | H10: 45087 | J10: ALFA BANGLI - BGL | K10: 250 | L10: HC 400 | N10: OK | O10: OK | Q10: RESIDENTIAL | R10: TRAFFIC | S10: MENENGAH ATAS | T10: Mainstreet | U10: REGULER | V10: 2387 | W10: 65+8 | X10: 293.46 | Y10: 181.704 | Z10: 145.86 | AA10: 89.1936 | AB10: 10.7848 | AC10: 109.3365 | AD10: BESAR | AE10: LT2 | AF10: 0.25 | AG10: 0.95833333 | AH10: 2DS | AI10: G034 | AJ10: Kawan | AK10: BANGLI | AL10: BANGLI | AM10: Jl. Ngurah Rai No. 14, Bangli - Bali | AN10: BALI | AO10: S8 27 37.0 E115 21 10.1 | AP10: 81139003424 | AQ10: 38919 | AR10: 241 | AT10: 25/06/2022 - 27/07/2022 | AU10: 23/06/2022 - 01/08/2022 | AV10: 21719146 | AW10: 41.3 | AX10: 80613
A11: TA02 | B11: T | C11: NGURAH RAI | D11: INP | E11: JPT | F11: SDN | G11: STANDART NEW | H11: 45725 | J11: - | K11: - | L11: SA | P11: OK | Q11: RESIDENTIAL | R11: TRAFFIC | S11: MENENGAH ATAS | T11: Mainstreet | U11: REGULER | V11: 2238 | W11: 65+10 | X11: 482.48 | Y11: 190.962 | Z11: 120.019 | AA11: 8.968 | AB11: 23.92 | AC11: 59.94 | AD11: SEDANG | AE11: LT1 | AF11: 0.29166667 | AG11: 0.91666667 | AH11: 2DS | AI11: G034 | AJ11: Banjar Anyar | AK11: KEDIRI | AL11: TABANAN | AM11: Jl. Ngurah Rai No. 85, Kediri - Bali | AN11: BALI | AO11: S8 33 10.9 E115 08 27.1 | AP11: 81139002302 | AQ11: 38929 | AR11: 240 | AT11: 15/11/2019 - 13/12/2019 | AU11: 28/11/2019 - 12/12/2019 | AV11: 27040679 | AW11: 11 | AX11: 82123
A12: TRGI | B12: T | C12: BAJERA | D12: STN | E12: JPT | F12: SDS | G12: STANDART | J12: ALFA BAJERA | K12: 210 | L12: HC 400 | Q12: TRAFFIC | R12: PASAR | S12: MENENGAH ATAS | T12: Highway | U12: FRANCHISE | V12: 1761 | W12: 61+8 | X12: 252 | Y12: 186 | Z12: 117.044 | AA12: 61.2 | AB12: 6.5076 | AC12: 98.2075 | AD12: BESAR | AE12: LT1,LT2 | AF12: 0 | AG12: 0.99930556 | AH12: 2DS | AI12: G034 | AJ12: Bajera | AK12: SELEMADEG | AL12: TABANAN | AM12: Jl. Ngurah Rai No. 03, Bajera - Bali | AN12: BALI | AO12: S8 30 12.4 E115 01 40.2 | AP12: 81139001486 | AQ12: 38951 | AR12: 240 | AS12: 11/1/2008, 01/11/2023 | AT12: 24/02/2020 - 16/03/2020 | AU12: 27/02/2020 - 15/03/2020 | AV12: 30380400 | AW12: 27 | AX12: 82164 | AY12: TA03, F78A
A13: F68A | B13: F | C13: GILIMANUK | D13: EKS | E13: SKI | F13: SDS | G13: STANDART | J13: ALFA GILIMANUK 3 (TOKO WIJAYA) - JBN | K13: 450 | L13: MC 800 | Q13: TRAFFIC | R13: RESIDENTIAL | S13: MENENGAH ATAS | T13: Highway | U13: FRANCHISE | V13: 1956 | W13: 62+8 | X13: 238.986 | Y13: 168.861 | Z13: 111.134 | AA13: 59.73 | AB13: 13.756 | AC13: 23.25 | AD13: KECIL | AE13: LT1 | AF13: 0 | AG13: 0.99930556 | AH13: 2DS | AI13: G034 | AJ13: Gilimanuk | AK13: MELAYA | AL13: JEMBRANA | AM13: Jl. Raya Gilimanuk No. 38, Jembrana | AN13: BALI | AO13: S8 10 16.1 E114 26 08.7 | AP13: 81139006496 | AQ13: 39080 | AR13: 235 | AS13: 39722 | AT13: 26/10/2023 - 24/11/2023 | AU13: 24/10/2023 - 16/11/2023 | AV13: 23812625 | AW13: 121 | AX13: 82252 | AY13: TA10
A14: FVFA | B14: F | C14: GREEN KORI | D14: IHN | E14: DTO | F14: SDS | G14: STANDART | J14: ALFA GREEN KORI - DPS | K14: 0 | L14: HH 100 | O14: OK | Q14: RESIDENTIAL | R14: TRAFFIC | S14: MENENGAH ATAS | T14: Street | U14: FRANCHISE | V14: 2317 | W14: 66+8 | X14: 710.0856 | Y14: 299.4958 | Z14: 142.7397 | AA14: 220.7148 | AB14: 68.4684 | AC14: 43.2795 | AD14: SEDANG | AE14: LT1 | AF14: 0.29166667 | AG14: 0.91666667 | AH14: 2DS | AI14: G034 | AJ14: Ubung Kaja | AK14: DENPASAR UTARA | AL14: DENPASAR | AM14: Jl. Nuansa Hijau Timur No. 2, Denpasar | AN14: BALI | AO14: S8 36 39.0 E115 11 57.3 | AP14: 81139001392 | AQ14: 39123 | AR14: 234 | AT14: 10/02/2022 - 25/02/2022 | AU14: TANPA TUTUP | AV14: 21649866 | AW14: 16.8 | AX14: 80116 | AY14: F657
A15: TTEB | B15: T | C15: SETIA BUDI | D15: GPS | E15: SKI | F15: SDN | G15: STANDART NEW | H15: 45702 | I15: 45702 | J15: ALFA SETIA BUDI 2 - SRA | K15: 450 | L15: HC 400 | Q15: RESIDENTIAL | R15: TRAFFIC | S15: MENENGAH ATAS | T15: Mainstreet | U15: REGULER | V15: 2219 | W15: 64+8 | X15: 236.6238 | Y15: 183.7563 | Z15: 122.8122 | AA15: 45.486 | AB15: 15.5952 | AC15: 30.6 | AD15: SEDANG | AE15: LT1 | AF15: 0.29166667 | AG15: 0.99930556 | AH15: 2DS | AI15: G034 | AJ15: Banyuning | AK15: BULELENG | AL15: BULELENG | AM15: Jl. Setiabudi No. 15, Buleleng - Bali | AN15: BALI | AO15: S8 06 47.3 E115 06 29.7 | AP15: 8113806093 | AQ15: 39163 | AR15: 233 | AS15: 01/07/2009, 01/12/19 | AT15: 20/01/2025 - 29/01/2025 | AU15: TANPA TUTUP | AV15: 13585407 | AW15: 58.1 | AX15: 81119 | AY15: TA39, F10E
A16: TPAL | B16: T | C16: IMAM BONJOL | D16: ERI | E16: MIL | F16: SDN | G16: STANDART NEW | H16: 45788 | I16: 45788 | J16: ALFA IMAM BONJOL - TBN | K16: 110 | L16: HC 400 | Q16: TRAFFIC | R16: RESIDENTIAL | S16: MENENGAH ATAS | T16: Street | U16: REGULER | V16: 1948 | W16: 65+8 | X16: 252.3048 | Y16: 184.601 | Z16: 122.976 | AA16: 53.9728 | AB16: 19.8306 | AC16: 24.309 | AD16: KECIL | AE16: LT1 | AF16: 0 | AG16: 0.99930556 | AH16: 2DS | AI16: G034 | AJ16: Kediri | AK16: KEDIRI | AL16: TABANAN | AM16: Jl. Imam Bonjol No. 05, Tabanan - Bali | AN16: BALI | AO16: S8 33 34.6 E115 08 15.8 | AP16: 81139002301 | AQ16: 39199 | AR16: 232 | AS16: 39904 | AT16: 20/02/2025 - 27/03/2025 | AU16: 18/02/2025 - 09/03/2025 | AV16: 20862000 | AW16: 15.2 | AX16: 82121 | AY16: TA45, FC45
A17: FCZ5 | B17: F | C17: PUPUAN | D17: GNA | E17: JPT | F17: SDS | G17: STANDART | J17: ALFA PUPUAN | K17: 130 | L17: HC 400 | Q17: RESIDENTIAL | R17: TRAFFIC | S17: MENENGAH ATAS | T17: Mainstreet | U17: FRANCHISE | V17: 2120 | W17: 64+8 | X17: 226.2 | Y17: 175 | Z17: 118.34 | AA17: 40.582 | AB17: 14.55 | AC17: 27.3585 | AD17: KECIL | AE17: LT1 | AF17: 0.29166667 | AG17: 0.91666667 | AH17: 2DS | AI17: G034 | AJ17: Pupuan | AK17: PUPUAN | AL17: TABANAN | AM17: Jl. Gajah Mada No. 02, Tabanan - Bali | AN17: BALI | AO17: S8 19 04.2 E115 00 23.4 | AP17: 8113806146 | AQ17: 39202 | AR17: 231 | AS17: 41579 | AT17: 06/11/2023 - 21/11/2023 | AU17: TANPA TUTUP | AV17: 25771500 | AW17: 57.6 | AX17: 82163 | AY17: TA42
A18: T8P8 | B18: T | C18: SERIRIT | D18: GPS | E18: SKI | F18: SDN | G18: STANDART NEW | H18: 6//23/24 | J18: ALFA SERIRIT (AMO) | K18: 130 | L18: HH 100 | O18: OK | Q18: TRAFFIC | R18: RESIDENTIAL | S18: MENENGAH ATAS | T18: Mainstreet | U18: REGULER | V18: 2129 | W18: 66+8 | X18: 293.9079 | Y18: 252.681 | Z18: 134.8584 | AA18: 33.1065 | AB18: 14.872 | AC18: 92.026 | AD18: BESAR | AE18: LT1 | AF18: 0 | AG18: 0.99930556 | AH18: 2DS | AI18: G034 | AJ18: Seririt | AK18: SERIRIT | AL18: BULELENG | AM18: Jl. PB. Sudirman No. 21, Seririt - Bali | AN18: BALI | AO18: S8 11 33.7 E114 56 05.2 | AP18: 81139000824 | AQ18: 39218 | AR18: 231 | AS18: 42036 | AT18: 05/11/2024 - 18/11/2024 | AU18: TANPA TUTUP | AV18: 28823715 | AW18: 80.5 | AX18: 81153 | AY18: FT03(TA38,01/02/2010)
A19: TA52 | B19: T | C19: SEMARAPURA | D19: IDA | E19: JUN | F19: SDS | G19: STANDART | H19: 45087 | J19: ALFA KEMUNING DIPONEGORO | K19: 400 | L19: HC 400 | P19: OK | Q19: RESIDENTIAL | R19: TRAFFIC | S19: MENENGAH ATAS | T19: Mainstreet | U19: REGULER | V19: 2289 | W19: 56+8 | X19: 301.9328 | Y19: 158.7359 | Z19: 115.3568 | AA19: 90.4792 | AB19: 56.3248 | AC19: 149.253 | AD19: BESAR | AE19: LT2 | AF19: 0.25 | AG19: 0.95833333 | AH19: 2DS | AI19: G034 | AJ19: Semarapura Klod | AK19: KLUNGKUNG | AL19: KLUNGKUNG | AM19: Jl. Untung Surapati No. 14, Klungkung - Bali | AN19: BALI | AO19: S8 32 05.8 E115 24 01.4 | AP19: 81139001305 | AQ19: 39254 | AR19: 230 | AV19: 29550000 | AW19: 42 | AX19: 80716
A20: TTXT | B20: T | C20: GUNUNG AGUNG | D20: SFH | E20: JPT | F20: SDS | G20: STANDART | J20: ALFA GUNUNG AGUNG - TBN | K20: 38 | L20: HH 100 | Q20: TRAFFIC | R20: RESIDENTIAL | S20: MENENGAH ATAS | T20: Mainstreet (ICON) | U20: REGULER | V20: 2035 | W20: 60+8 | X20: 228.1623 | Y20: 164.6685 | Z20: 109.326 | AA20: 37.0405 | AB20: 19.2759 | AC20: 21.1266 | AD20: KECIL | AE20: LT1 | AF20: 0.29166667 | AG20: 0.91666667 | AH20: 2DS | AI20: G034 | AJ20: Dajan Peken | AK20: TABANAN | AL20: TABANAN | AM20: Jl. Gunung Agung No. 72, Tabanan - Bali | AN20: BALI | AO20: S8 31 53.6 E115 07 39.2 | AP20: 81139002201 | AQ20: 39259 | AR20: 230 | AS20: 01/05/2019, 01/05/2024 | AT20: 20/02/2025 - 13/03/2025 | AU20: 18/02/2025 - 06/03/2025 | AV20: 17344000 | AW20: 12.7 | AX20: 82114 | AY20: TA53, FC85
A21: TNPG | B21: T | C21: KUBUTAMBAHAN | D21: MAH | E21: APA | F21: SDN | G21: STANDART NEW | J21: ALFA KUBUTAMBAHAN - SRA | K21: 550 | L21: MC 800 | Q21: TRAFFIC | R21: PASAR | S21: MENENGAH ATAS | T21: Mainstreet | U21: REGULER | V21: 2175 | W21: 59+8 | X21: 165.704 | Y21: 130.0435 | Z21: 108.1119 | AA21: 34.787 | AB21: 2.2018 | AC21: 102.2868 | AD21: BESAR | AE21: LT2 | AF21: 0.25 | AG21: 0.95833333 | AH21: 2DS | AI21: G034 | AJ21: Kubutambahan | AK21: KUBUTAMBAHAN | AL21: BULELENG | AM21: Jl. Wr. Supratman No. 68, Kubu Tambahan - Buleleng | AN21: BALI | AO21: S8 04 43.9 E115 10 16.5 | AP21: 81139003850 | AQ21: 39283 | AR21: 229 | AS21: 1/5/2012, 1/5/2022 | AT21: 09/05/2022 - 19/05/2022 | AU21: TANPA TUTUP | AV21: 21367315 | AW21: 66.7 | AX21: 81172 | AY21: TA58, FQPL
A22: TMMX | B22: T | C22: MAWAR TABANAN | D22: INP | E22: JPT | F22: SDS | G22: STANDART | H22: 39288 | J22: ALFAMART MAWAR 2 - TBN | K22: 51 | L22: HH 100 | Q22: RESIDENTIAL | R22: TRAFFIC | S22: MENENGAH ATAS | T22: Mainstreet | U22: REGULER | V22: 2046 | W22: 62+8 | X22: 224.2589 | Y22: 187.3179 | Z22: 120.7206 | AA22: 26.336 | AB22: 12.896 | AC22: 34.15 | AD22: SEDANG | AE22: LT1 | AF22: 0.29166667 | AG22: 0.91666667 | AH22: 2DS | AI22: G034 | AJ22: Dauh Peken | AK22: TABANAN | AL22: TABANAN | AM22: Jl. Mawar No. 49, Tabanan - Bali | AN22: BALI | AO22: S8 32 56.5 E115 07 26.0 | AP22: 81139002298 | AQ22: 39288 | AR22: 229 | AS22: 01/05/2015, 01/05/2020 | AV22: 11650000 | AW22: 13.4 | AX22: 82111 | AY22: TA62, FHHM
A23: TA44 | B23: T | C23: UDAYANA | D23: GPS | E23: SKI | F23: MFF | G23: FRESH | H23: 45475 | J23: ALFA UDAYANA - SRA | K23: 300 | L23: HC 400 | N23: OK | O23: OK | P23: OK | Q23: TRAFFIC | R23: RESIDENTIAL | S23: MENENGAH ATAS | T23: Mainstreet | U23: REGULER | V23: 2094 | W23: 64+8 | X23: 288.365 | Y23: 217.21 | Z23: 154.14 | AA23: 56.518 | AB23: 17.616 | AC23: 198.3875 | AD23: BESAR | AE23: LT2 | AF23: 0 | AG23: 0.99930556 | AH23: 2DS | AI23: G034 | AJ23: Banyuasri | AK23: BULELENG | AL23: BULELENG | AM23: Jl. Udayana No. 6A, Buleleng - Bali | AN23: BALI | AO23: S8 07 05.9 E115 05 02.1 | AP23: 81139008428 | AQ23: 39330 | AR23: 227 | AT23: 20/01/2025 - 11/02/2025 | AU23: 30/01/2025 - 13/01/2025 | AV23: 27343199 | AW23: 58.7 | AX23: 81116
A24: T93Y | B24: T | C24: BANYUASRI | D24: IKD | E24: APA | F24: SDN | G24: STANDART NEW | H24: 45702 | I24: 45702 | J24: ALFA BANYUASRI | K24: 71 | L24: HH 100 | Q24: TRAFFIC | R24: RESIDENTIAL | S24: MENENGAH ATAS | T24: Mainstreet | U24: REGULER | V24: 1865 | W24: 57+8 | X24: 268.355 | Y24: 179.4185 | Z24: 115.5894 | AA24: 69.3 | AB24: 13.7 | AC24: 31.465 | AD24: SEDANG | AE24: LT1 | AF24: 0 | AG24: 0.99930556 | AH24: 2DS | AI24: G034 | AJ24: Banyuasri | AK24: BULELENG | AL24: BULELENG | AM24: Jl. Ahmad Yani No. 189X, Banyuasri - Buleleng | AN24: BALI | AO24: S8 07 14.1 E115 04 21.7 | AQ24: 39354 | AR24: 226 | AS24: 1/11/2014;10/1/2009 | AT24: 20/01/2025 - 29/01/2025 | AU24: TANPA TUTUP | AV24: 20400000 | AW24: 58.6 | AX24: 81116 | AY24: F07F,TA69
A25: FP01 | B25: F | C25: PATIH JELANTIK | D25: TSD | E25: JUN | F25: SDS | G25: STANDART | H25: 0 | J25: ALFA PATIH JELATIK | K25: 260 | L25: HC 400 | Q25: RESIDENTIAL | R25: TRAFFIC | S25: MENENGAH ATAS | T25: Mainstreet | U25: FRANCHISE | V25: 1639 | W25: 61+8 | X25: 201.4 | Y25: 159.8 | Z25: 106.991 | AA25: 31.622 | AB25: 13.63 | AC25: 24.7275 | AD25: KECIL | AE25: LT1 | AF25: 0.29166667 | AG25: 0.99930556 | AH25: 2DS | AI25: G288 | AJ25: Beng | AK25: GIANYAR | AL25: GIANYAR | AM25: Jl. Patih Jelantik No. 56, Gianyar - Bali | AN25: BALI | AO25: S8 32 08.1 E115 19 38.5 | AP25: 8113806123 | AQ25: 39385 | AR25: 225 | AS25: 40087 | AT25: 24/01/2025 - 11/02/2025 | AU25: 24/01/2025 - 09/02/2025 | AV25: 14278485 | AW25: 27 | AX25: 80513 | AY25: TA75
A26: TA76 | B26: T | C26: CELUK GIANYAR | D26: IPM | E26: ATN | F26: SDS | G26: STANDART | J26: ALFA CELUK SUKAWATI - GYR | K26: 65 | L26: HH 100 | P26: OK | Q26: TRAFFIC | R26: RESIDENTIAL | S26: MENENGAH ATAS | T26: Street | U26: REGULER | V26: 1912 | W26: 61+8 | X26: 261.3138 | Y26: 184.8444 | Z26: 119.1888 | AA26: 68.3196 | AB26: 21.658 | AC26: 27.2655 | AD26: KECIL | AE26: LT1 | AF26: 0.29166667 | AG26: 0.91666667 | AH26: 2DS | AI26: G288 | AJ26: Celuk | AK26: SUKAWATI | AL26: GIANYAR | AM26: Jl. Raya Celuk No. , Gianyar - Bali | AN26: BALI | AO26: S8 36 08.7 E115 15 40.9 | AP26: 81139003659 | AQ26: 39416 | AR26: 224 | AV26: 11103232 | AW26: 22.2 | AX26: 80582
A27: TA81 | B27: T | C27: BLAHBATUH 1 | D27: MRS | E27: ATN | F27: SDN | G27: STANDART NEW | H27: 45475 | J27: ALFA BLAH BATUH | K27: 654 | L27: MC 800 | O27: OK | Q27: RESIDENTIAL | R27: TRAFFIC | S27: MENENGAH ATAS | T27: Mainstreet | U27: REGULER | V27: 1937 | W27: 64+9 | X27: 338.4418 | Y27: 253.9018 | Z27: 147.8288 | AA27: 75.845 | AB27: 13.69 | AC27: 73.3713 | AD27: BESAR | AE27: LT1 | AF27: 0 | AG27: 0.99930556 | AH27: 2DS | AI27: G288 | AJ27: Blahbatuh | AK27: BLAHBATUH | AL27: GIANYAR | AM27: Jl. Wisma Gajah Mada No. 8, Gianyar - Bali | AN27: BALI | AO27: S8 33 57.6 E115 17 52.1 | AP27: 81139008196 | AQ27: 39465 | AR27: 223 | AT27: 15/10/2025 - 28/10/2025 | AU27: TANPA TUTUP | AV27: 14561317 | AW27: 21.6 | AX27: 80581
A28: TJQR | B28: T | C28: PAYANGAN | D28: ISN | E28: SKI | F28: SDN | G28: STANDART NEW | H28: 45475 | J28: ALFA PAYANGAN | K28: 550 | L28: MC 800 | Q28: RESIDENTIAL | R28: TRAFFIC | S28: MENENGAH BAWAH | T28: Mainstreet | U28: REGULER | V28: 1733 | W28: 65+8 | X28: 372.6368 | Y28: 269.5163 | Z28: 154.0254 | AA28: 87.57 | AB28: 9.22 | AC28: 86.6268 | AD28: BESAR | AE28: LT1 | AF28: 0.29166667 | AG28: 0.99930556 | AH28: 1DS | AI28: G288 | AJ28: Melinggih | AK28: PAYANGAN | AL28: GIANYAR | AM28: Jl. Raya Payangan No. , Gianyar - Bali | AN28: BALI | AO28: S8 26 09.2 E115 14 41.3 | AP28: 81139002306 | AQ28: 39538 | AR28: 220 | AS28: 1/11/2014;11/1/2009 | AT28: 08/11/2024 - 24/11/2024 | AU28: TANPA TUTUP | AV28: 39653544 | AW28: 21.8 | AX28: 80572 | AY28: F35F,TA86
A29: TTTT | B29: T | C29: NGURAH RAI | D29: KBA | E29: JUN | F29: SDN | G29: STANDART NEW | H29: 45725 | I29: 45725 | J29: ALFA GAJAH MADA | K29: 1300 | L29: SA | Q29: RESIDENTIAL | R29: TRAFFIC | S29: MENENGAH ATAS | T29: Mainstreet | U29: REGULER | V29: 2249 | W29: 65+8 | X29: 224.1066 | Y29: 166.074 | Z29: 113.0556 | AA29: 48.0396 | AB29: 8.73 | AC29: 28.5585 | AD29: KECIL | AE29: LT1 | AF29: 0.29166667 | AG29: 0.95833333 | AH29: 2DS | AI29: G034 | AJ29: Karangasem | AK29: KARANGASEM | AL29: KARANGASEM | AM29: Jl. Ngurah Rai No,354 A,Karangasem - Bali | AN29: BALI | AO29: S8 26 15.6 E115 36 44.5 | AP29: 81139000804 | AQ29: 39568 | AR29: 219 | AS29: 42005 | AT29: 22/01/2025 - 03/02/2025 | AU29: TANPA TUTUP | AV29: 23400000 | AW29: 80.5 | AX29: 80811 | AY29: FR18,TA91
A30: TA95 | B30: T | C30: WR SUPRATMAN | D30: MAH | E30: APA | F30: SDN | G30: STANDART NEW | H30: 45788 | I30: 45788 | J30: ALFA WR. SUPRATMAN | K30: 200 | L30: HC 400 | Q30: TRAFFIC | R30: RESIDENTIAL | S30: MENENGAH ATAS | T30: Mainstreet (ICON) | U30: REGULER | V30: 1769 | W30: 66+9 | X30: 236 | Y30: 179 | Z30: 120.765 | AA30: 45.59 | AB30: 19.4 | AC30: 22.785 | AD30: KECIL | AE30: LT1 | AF30: 0.29166667 | AG30: 0.95833333 | AH30: 2DS | AI30: G034 | AJ30: Penarukan | AK30: BULELENG | AL30: BULELENG | AM30: Jl. WR.Supratman 7c Singaraja-Bali | AN30: BALI | AO30: S8 05 49.7 E115 06 28.1 | AP30: 8113806101 | AQ30: 39598 | AR30: 218 | AT30: 14/04/2025 - 24/04/2025 | AU30: TANPA TUTUP | AV30: 17656000 | AW30: 59.5 | AX30: 81119
A31: F26U | B31: F | C31: DALUNG 2 | D31: IGS | E31: THR | F31: SDS | G31: STANDART | J31: ALFAMART DALUNG PERMAI 3 - BDG | K31: 97 | L31: HH 100 | Q31: RESIDENTIAL | R31: TRAFFIC | S31: MENENGAH ATAS | T31: Mainstreet | U31: FRANCHISE | V31: 1906 | W31: 64+8 | X31: 297.3026 | Y31: 200.634 | Z31: 126.0288 | AA31: 153.2635 | AB31: 38.502 | AC31: 25.878 | AD31: KECIL | AE31: LT1 | AF31: 0.29166667 | AG31: 0.95833333 | AH31: 2DS | AI31: G034 | AJ31: Dalung | AK31: KUTA UTARA | AL31: BADUNG | AM31: Perum Dalung Permai Blok.00 No.25 - Badung | AN31: BALI | AO31: S8 37 36.1 E115 10 14.8 | AP31: 81139607361 | AQ31: 39636 | AR31: 217 | AT31: 18/01/2024 - 15/02/2024 | AU31: TANPA TUTUP | AV31: 17299500 | AW31: 17.8 | AX31: 80363
A32: F5LI | B32: F | C32: BANJARANGKAN | D32: IDA | E32: JUN | F32: SDS | G32: STANDART | J32: ALFA BANJARANGKAN | K32: 290 | L32: HC 400 | Q32: RESIDENTIAL | R32: TRAFFIC | S32: MENENGAH ATAS | T32: Mainstreet | U32: FRANCHISE | V32: 1962 | W32: 60+8 | X32: 174.932 | Y32: 119.887 | Z32: 108.976 | AA32: 53.631 | AB32: 0 | AC32: 37.73 | AD32: SEDANG | AE32: LT2 | AF32: 0.29166667 | AG32: 0.91666667 | AH32: 2DS | AI32: G034 | AJ32: Banjarangkan | AK32: BANJARANGKAN | AL32: KLUNGKUNG | AM32: Jl. Lettu Ida Bagus Puja No.19 Klungkung - Bali | AN32: BALI | AO32: S8 32 58.6 E115 22 07.4 | AP32: 81139001104 | AQ32: 39660 | AR32: 216 | AT32: 08/02/2023 - 29/03/2023 | AU32: 06/02/2023 - 29/03/2023 | AV32: 16660000 | AW32: 29 | AX32: 80752 | AY32: T05A
A33: TOSP | B33: T | C33: BAKTISERAGA | D33: IKD | E33: APA | F33: SDS | G33: STANDART | H33: 44076 | I33: 44076 | J33: ALFA LAKSAMANA BARU - SRA (RELOKASI ALFA BAKTISERAGA) | K33: 400 | L33: HC 400 | Q33: TRAFFIC | R33: RESIDENTIAL | S33: MENENGAH ATAS | T33: Mainstreet | U33: REGULER | V33: 1895 | W33: 63+8 | X33: 275.0124 | Y33: 184.6104 | Z33: 142.3912 | AA33: 79.356 | AB33: 14.592 | AC33: 24.882 | AD33: KECIL | AE33: LT1 | AF33: 0.29166667 | AG33: 0.91666667 | AH33: 2DS | AI33: G034 | AJ33: Baktiseraga | AK33: BULELENG | AL33: BULELENG | AM33: Jl. Serma Karma No.72 Buleleng Bali | AN33: BALI | AO33: S8 07 48.6 E115 04 23.5 | AP33: 81139007377 | AQ33: 39688 | AR33: 216 | AS33: 01/11/2009,01/11/2019 | AT33: 14/08/2020 - 02/09/2020 | AU33: TANPA TUTUP | AV33: 14464352 | AW33: 57.5 | AX33: 81119 | AY33: TA0H,F30F
A34: F08C | B34: F | C34: KEBO IWA | D34: BAS | E34: THR | F34: SDS | G34: STANDART | H34: 45087 | J34: ALFA TIBUNG SARI 2 - DPS | K34: 650 | L34: MC 800 | Q34: RESIDENTIAL | R34: TRAFFIC | S34: MENENGAH ATAS | T34: Mainstreet | U34: FRANCHISE | V34: 1790 | W34: 62+8 | X34: 268.669 | Y34: 172.6936 | Z34: 124.4291 | AA34: 87.5122 | AB34: 15.23 | AC34: 39.1686 | AD34: SEDANG | AE34: LT1 | AF34: 0 | AG34: 0.99930556 | AH34: 2DS | AI34: G034 | AJ34: Padang Sambian Kaja | AK34: DENPASAR BARAT | AL34: DENPASAR | AM34: Jl. Kebo iwa No: 50 X,Denpasar - Bali | AN34: BALI | AO34: S8 38 04.7 E115 11 04.0 | AP34: 81139002331 | AQ34: 39703 | AR34: 215 | AT34: 24/06/2024 - 23/06/2024 | AU34: TANPA TUTUP | AV34: 27507000 | AW34: 19 | AX34: 80117
A35: T09A | B35: T | C35: SUBAGAN | D35: KBA | E35: JUN | F35: SDN | G35: STANDART NEW | H35: 45087 | J35: ALFA UNTUNG SUROPATI - KSM | K35: 800 | L35: MC 800 | O35: OK | P35: OK | Q35: RESIDENTIAL | R35: TRAFFIC | S35: MENENGAH ATAS | T35: Mainstreet | U35: REGULER | V35: 1835 | W35: 63+10 | X35: 375.9268 | Y35: 251.216 | Z35: 171.6935 | AA35: 96.14 | AB35: 15.21 | AC35: 38.122 | AD35: SEDANG | AE35: LT1 | AF35: 0 | AG35: 0.99930556 | AH35: 2DS | AI35: G034 | AJ35: Subagan | AK35: KARANGASEM | AL35: KARANGASEM | AM35: Jl. PB.Sudirman No.7 Karangasem - Bali | AN35: BALI | AO35: S8 27 12.0 E115 36 07.6 | AP35: 8113806158 | AQ35: 39708 | AR35: 215 | AV35: 37364931 | AW35: 80.4 | AX35: 80813
A36: T11A | B36: T | C36: CANDI BARU | D36: MKH | E36: ATN | F36: SDS | G36: STANDART | H36: 44987 | J36: ALFA ASTINA - GYR | K36: 130 | L36: HH 100 | Q36: RESIDENTIAL | R36: TRAFFIC | S36: MENENGAH ATAS | T36: Mainstreet | U36: REGULER | V36: 1866 | W36: 62+8 | X36: 320.443 | Y36: 189.06 | Z36: 105.524 | AA36: 123.1695 | AB36: 15.6897 | AC36: 48.99 | AD36: SEDANG | AE36: LT1 | AF36: 0.29166667 | AG36: 0.95833333 | AH36: 2DS | AI36: G288 | AJ36: Gianyar | AK36: GIANYAR | AL36: GIANYAR | AM36: Jl. Astina Selatan No,09, Gianyar - Bali | AN36: BALI | AO36: S8 32 55.8 E115 19 29.0 | AP36: 8113806278 | AQ36: 39745 | AR36: 214 | AT36: 10/03/2023 - 18/03/2023 | AU36: 10/03/2023 - 17/03/2023 | AV36: 15262171 | AW36: 22.4 | AX36: 80511
A37: F2QU | B37: F | C37: DIPONEGORO | D37: SFH | E37: JPT | F37: SDS | G37: STANDART | H37: 43945 | I37: 43945 | J37: ALFA DIPONEGORO - TBN | K37: 180 | L37: HC 400 | Q37: RESIDENTIAL | R37: TRAFFIC | S37: MENENGAH ATAS | T37: Mainstreet | U37: FRANCHISE | V37: 1721 | W37: 61+8 | X37: 233.28 | Y37: 163.2 | Z37: 108.531 | AA37: 58.59 | AB37: 13.95 | AC37: 26.775 | AD37: KECIL | AE37: LT1 | AF37: 0.29166667 | AG37: 0.91666667 | AH37: 2DS | AI37: G034 | AJ37: Dajan Peken | AK37: TABANAN | AL37: TABANAN | AM37: Jl. Diponegoro No.48,Tabanan - Bali | AN37: BALI | AO37: S8 31 59.3 E115 08 01.0 | AP37: 81139001323 | AQ37: 39777 | AR37: 213 | AS37: 46023 | AV37: 13074000 | AW37: 12.1 | AX37: 82114 | AY37: T14A
A38: T15A | B38: T | C38: LOVINA | D38: GPS | E38: SKI | F38: MFF | G38: FRESH | H38: 45655 | I38: 45655 | J38: ALFA LOVINA | K38: 465 | L38: MC 800 | M38: TOKO ICON | N38: OK | O38: OK | P38: OK | Q38: TRAFFIC | R38: RESIDENTIAL | S38: MENENGAH ATAS | T38: Mainstreet | U38: REGULER | V38: 1507 | W38: 66+8 | X38: 454.2433 | Y38: 293.188 | Z38: 151.2432 | AA38: 134.652 | AB38: 27.468 | AC38: 109.7944 | AD38: BESAR | AE38: LT1 | AF38: 0 | AG38: 0.99930556 | AH38: 2DS | AI38: G034 | AJ38: Kalibukbuk | AK38: BULELENG | AL38: BULELENG | AM38: Jl. Seririt No, , Singaraja - Bali | AN38: BALI | AO38: S8 09 33.8 E115 01 53.5 | AP38: 8113806143 | AQ38: 39806 | AR38: 212 | AT38: 23/11/2024 - 23/12/2024 | AU38: 16/12/2024 - 19/12/2024 | AV38: 21061200 | AW38: 58.7 | AX38: 81119
A39: F90F | B39: F | C39: UNTUNG SURAPATI | D39: MRZ | E39: JUN | F39: SDS | G39: STANDART | J39: ALFA UNTUNG SUROPATI 2 (TOKO KITA ) | K39: 300 | L39: HC 400 | Q39: RESIDENTIAL | R39: TRAFFIC | S39: MENENGAH ATAS | T39: Mainstreet | U39: FRANCHISE | V39: 1663 | W39: 61+8 | X39: 203.8436 | Y39: 141.6576 | Z39: 99.2256 | AA39: 42.1064 | AB39: 12.0832 | AC39: 26.3264 | AD39: KECIL | AE39: LT1 | AF39: 0.29166667 | AG39: 0.91666667 | AH39: 2DS | AI39: G034 | AJ39: Padang Kerta | AK39: KARANGASEM | AL39: KARANGASEM | AM39: Jl. Untung surapati No.99 Karang asem-Bali | AN39: BALI | AO39: S8 26 29.6 E115 35 54.5 | AP39: 81139000794 | AQ39: 39815 | AR39: 211 | AT39: 02/05/2025 - 16/05/2025 | AU39: TANPA TUTUP | AV39: 13681080 | AW39: 87 | AX39: 80811
A40: T16A | B40: T | C40: ANGGREK | D40: INP | E40: JPT | F40: SDN | G40: STANDART NEW | H40: 45821 | I40: 45821 | J40: ALFA RATNA | K40: 500 | L40: MC 800 | Q40: RESIDENTIAL | R40: TRAFFIC | S40: MENENGAH ATAS | T40: Street | U40: REGULER | V40: 1486 | W40: 63+8 | X40: 252.8064 | Y40: 163.1436 | Z40: 138.0065 | AA40: 78.3216 | AB40: 9.6258 | AC40: 59.7796 | AD40: SEDANG | AE40: LT2 | AF40: 0.29166667 | AG40: 0.99930556 | AH40: 2DS | AI40: G034 | AJ40: Dauh Peken | AK40: TABANAN | AL40: TABANAN | AM40: Jl. Anggrek No.24,Tabanan - Bali | AN40: BALI | AO40: S8 32 31.3 E115 07 25.5 | AP40: 81139002214 | AQ40: 39822 | AR40: 211 | AT40: 02/05/2025 - 09/05/2025 | AU40: TANPA TUTUP | AV40: 16325570 | AW40: 13.2 | AX40: 82111
A41: T99A | B41: T | C41: BLAHBATUH 2 | D41: MKH | E41: ATN | F41: SDS | G41: STANDART | H41: 43662 | I41: 43662 | J41: ALFA BLAH BATUH | K41: 160 | L41: HC 400 | Q41: RESIDENTIAL | R41: TRAFFIC | S41: MENENGAH ATAS | T41: Mainstreet | U41: REGULER | V41: 1175 | W41: 63+8 | X41: 262.0085 | Y41: 192.225 | Z41: 121.0905 | AA41: 61.8528 | AB41: 23.3085 | AC41: 29.7726 | AD41: KECIL | AE41: LT1 | AF41: 0.29166667 | AG41: 0.91666667 | AH41: 2DS | AI41: G288 | AJ41: Blahbatuh | AK41: BLAHBATUH | AL41: GIANYAR | AM41: Jl. Wisma Gajah Mada No.18 Blahbatuh Gianyar - Bali | AN41: BALI | AO41: S8 33 41.5 E115 18 04.6 | AQ41: 39835 | AR41: 211 | AT41: 13/03/2019 - 05/04/2019 | AU41: 11/03/2019 - 04/04/2019 | AV41: 13230000 | AW41: 22 | AX41: 80581
A42: T3AA | B42: T | C42: TAMPAKSIRING | D42: IKS | E42: ATN | F42: SDN | G42: STANDART NEW | H42: 45702 | J42: ALFA TAMPAK SIRING | K42: 800 | L42: MC 800 | O42: OK | P42: OK | Q42: TRAFFIC | R42: PASAR | S42: MENENGAH BAWAH | T42: Mainstreet | U42: REGULER | V42: 1879 | W42: 63+8 | X42: 232.1319 | Y42: 172.67 | Z42: 122.7954 | AA42: 63.099 | AB42: 18.4836 | AC42: 133.2969 | AD42: BESAR | AE42: LT2 | AF42: 0.29166667 | AG42: 0.95833333 | AH42: 2DS | AI42: G288 | AJ42: Tampaksiring | AK42: TAMPAK SIRING | AL42: GIANYAR | AM42: Jl. Astina pura selatan No. Tampaksiring -Gianyar | AN42: BALI | AO42: S8 25 46.9 E115 18 27.0 | AP42: 8113806191 | AQ42: 39903 | AR42: 208 | AT42: 12/01/2026 -26/01/2026 | AU42: TANPA TUTUP | AV42: 17766646 | AW42: 29.9 | AX42: 80552
A43: T1AA | B43: T | C43: GOWANG | D43: IPM | E43: ATN | F43: SDN | G43: STANDART NEW | H43: 45087 | J43: - | K43: - | L43: SA | O43: OK | Q43: RESIDENTIAL | R43: TRAFFIC | S43: MENENGAH ATAS | T43: Mainstreet | U43: REGULER | V43: 1733 | W43: 61+8 | X43: 246.2751 | Y43: 166.4207 | Z43: 111.644 | AA43: 65.3952 | AB43: 4.88 | AC43: 31.9539 | AD43: SEDANG | AE43: LT1 | AF43: 0 | AG43: 0.99930556 | AH43: 2DS | AI43: G288 | AJ43: Guwang | AK43: SUKAWATI | AL43: GIANYAR | AM43: Jl. Raya Guwang No. Sukawati - Gianyar | AN43: BALI | AO43: S8 36 49.3 E115 17 01.4 | AP43: 8113806226 | AQ43: 39903 | AR43: 208 | AT43: 12/01/2026 - 01/02/2026 | AU43: TANPA TUTUP | AV43: 23313159 | AW43: 40.2 | AX43: 80582
A44: T4AA | B44: T | C44: CANGGU | D44: IGS | E44: THR | F44: SDS | G44: STANDART | H44: 44145 | I44: 44145 | J44: ALFA CANGGU | K44: 174 | L44: HC 400 | Q44: TRAFFIC | R44: RESIDENTIAL | S44: MENENGAH ATAS | T44: Mainstreet (ICON) | U44: REGULER | V44: 1927 | W44: 61+8 | X44: 235.224 | Y44: 166.518 | Z44: 108.384 | AA44: 65.34 | AB44: 8.0926 | AC44: 37.2528 | AD44: SEDANG | AE44: LT1 | AF44: 0.29166667 | AG44: 0.95833333 | AH44: 2DS | AI44: G034 | AJ44: Canggu | AK44: KUTA UTARA | AL44: BADUNG | AM44: Jl. Kerobokan Canggu No.99 , Kuta Utara - Badung | AN44: BALI | AO44: S8 38 44.5 E115 09 44.9 | AP44: 81139004578 | AQ44: 39918 | AR44: 208 | AT44: 30/10/2020 - 11/11/2020 | AU44: TANPA TUTUP | AV44: 12325000 | AW44: 22.1 | AX44: 80363
A45: TLA3 | B45: T | C45: FRESH NEGARA 2 | D45: EKS | E45: SKI | F45: MFF | G45: FRESH | H45: 43094 | I45: 44790 | J45: ALFA SUDIRMAN DAUH WARU - JBN | K45: 700 | L45: MC 800 | N45: OK | O45: OK | P45: OK | Q45: RESIDENTIAL | R45: TRAFFIC | S45: MENENGAH ATAS | T45: Mainstreet | U45: REGULER | V45: 1568 | W45: 102+10 | X45: 484.515 | Y45: 357.266 | Z45: 240.6168 | AA45: 119.7456 | AB45: 17.864 | AC45: 83.414 | AD45: BESAR | AE45: LT1 | AF45: 0 | AG45: 0.99930556 | AH45: 2DS | AI45: G034 | AJ45: Dauhwaru | AK45: JEMBRANA | AL45: JEMBRANA | AM45: Jl. Ngurah Rai No.159 C, Jembrana - Bali | AN45: BALI | AO45: S8 21 39.9 E114 38 13.3 | AP45: 81139001487 | AQ45: 39945 | AR45: 207 | AT45: 01/07/2022 - 11/08/2022 | AU45: TANPA TUTUP | AV45: 31323262 | AW45: 84 | AX45: 82218
A46: TCOA | B46: T | C46: MONANG MANING | D46: WWD | E46: THR | F46: SDS | G46: STANDART | J46: ALFA GUNUNG RINJANI ( TOKO MUTIARA )- DPS | K46: 210 | L46: HH 100 | Q46: RESIDENTIAL | R46: TRAFFIC | S46: MENENGAH ATAS | T46: Mainstreet (ICON) | U46: REGULER | V46: 4313 | W46: 64+8 | X46: 270.7542 | Y46: 196.6653 | Z46: 124.6581 | AA46: 73.2294 | AB46: 15.7875 | AC46: 71.5365 | AD46: BESAR | AE46: LT1,LT2 | AF46: 0.29166667 | AG46: 0.99930556 | AH46: 2DS | AI46: G034 | AJ46: Tegal Kertha | AK46: DENPASAR BARAT | AL46: DENPASAR | AM46: Jl. Gunung Lempuyang No. 40B, Denpasar | AN46: BALI | AO46: S8 39 52.4 E115 11 50.7 | AP46: 81139607348 | AQ46: 39956 | AR46: 207 | AS46: 44564 | AT46: 10/07/2022 - 24/08/2022 | AU46: 16/08/2022 - 26/08/2022 | AV46: 18385500 | AW46: 21.8 | AX46: 80119 | AY46: FE24
A47: TLA7 | B47: T | C47: ANDONG | D47: IGJ | E47: ATN | F47: SDS | G47: STANDART | H47: 44023 | I47: 44023 | J47: ALFA AMBENGAN UBUD - GYR | K47: 290 | L47: HC 400 | P47: OK | Q47: RESIDENTIAL | R47: TRAFFIC | S47: MENENGAH BAWAH | T47: Mainstreet | U47: REGULER | V47: 1522 | W47: 64+8 | X47: 324.392 | Y47: 254.514 | Z47: 133.9865 | AA47: 54.208 | AB47: 18.2 | AC47: 89.284 | AD47: BESAR | AE47: LT1 | AF47: 0.29166667 | AG47: 0.95833333 | AH47: 2DS | AI47: G288 | AJ47: Peliatan | AK47: UBUD | AL47: GIANYAR | AM47: Jl. Andong No.34, Ubud - Gianyar | AN47: BALI | AO47: S8 30 21.9 E115 16 17.9 | AP47: 8113806174 | AQ47: 39962 | AR47: 206 | AT47: 02/06/2020 - 11/07/2020 | AU47: TANPA TUTUP | AV47: 13880536 | AW47: 19.4 | AX47: 80571
A48: TLA5 | B48: T | C48: SANGSIT | D48: GPS | E48: SKI | F48: SDN | G48: STANDART NEW | H48: 45667 | J48: ALFA SANGSIT | K48: 96 | L48: HH 100 | P48: OK | Q48: TRAFFIC | R48: PASAR | S48: MENENGAH ATAS | T48: Mainstreet | U48: REGULER | V48: 1915 | W48: 60+8 | X48: 255.281 | Y48: 187.5219 | Z48: 116.5104 | AA48: 62.5408 | AB48: 16.1414 | AC48: 39.1254 | AD48: SEDANG | AE48: LT1 | AF48: 0 | AG48: 0.99930556 | AH48: 2DS | AI48: G034 | AJ48: Sangsit | AK48: SAWAN | AL48: BULELENG | AM48: Jl. Raya Sangsit No.94, Buleleng - Singaraja | AN48: BALI | AO48: S8 05 08.5 E115 08 05.5 | AQ48: 39963 | AR48: 206 | AT48: 05/05/2019 - 24/15/2019 | AU48: 02/05/2019 - 23/04/2019 | AV48: 18262379 | AW48: 62.5 | AX48: 81171
A49: TLA6 | B49: T | C49: KUSUMA YUDA | D49: IKN | E49: JUN | F49: SDN | G49: STANDART NEW | H49: 45087 | J49: ALFA NLC - BGL | K49: 1100 | L49: SA | Q49: RESIDENTIAL | R49: TRAFFIC | S49: MENENGAH ATAS | T49: Mainstreet | U49: REGULER | V49: 1440 | W49: 57+8 | X49: 216.0018 | Y49: 157.6998 | Z49: 100.1718 | AA49: 43.152 | AB49: 19.285 | AC49: 25.592 | AD49: KECIL | AE49: LT1 | AF49: 0.29166667 | AG49: 0.95833333 | AH49: 2DS | AI49: G034 | AJ49: Kawan | AK49: BANGLI | AL49: BANGLI | AM49: Jl. Kusuma Yuda No.13, Bangli - Bali | AN49: BALI | AO49: S8 27 14.3 E115 21 16.2 | AP49: 81139001390 | AQ49: 39963 | AR49: 206 | AT49: 20/09/2025 - 11/10/2025 | AU49: 18/09/2025 - 13/10/2025 | AV49: 31697502 | AW49: 41.4 | AX49: 80613
A50: TLA8 | B50: T | C50: MAWAR 2 | D50: STN | E50: JPT | F50: SDN | G50: STANDART NEW | J50: ALFA GEROKGAK GEDE - TBN | K50: 120 | L50: HC 400 | Q50: RESIDENTIAL | R50: TRAFFIC | S50: MENENGAH ATAS | T50: Mainstreet | U50: REGULER | V50: 1471 | W50: 65+8 | X50: 292.098 | Y50: 222.8478 | Z50: 118.9728 | AA50: 59.4529 | AB50: 18.7596 | AC50: 63.3373 | AD50: BESAR | AE50: LT1 | AF50: 0.29166667 | AG50: 0.99930556 | AH50: 2DS | AI50: G034 | AJ50: Dauh Peken | AK50: TABANAN | AL50: TABANAN | AM50: Jl. Mawar No.58 C, Tabanan - Bali | AN50: BALI | AO50: S8 33 03.3 E115 07 23.2 | AP50: 81139001064 | AQ50: 39975 | AR50: 206 | AT50: 05/09/2025 - 19/09/2025 | AU50: TANPA TUTUP | AV50: 7452000 | AW50: 13.5 | AX50: 82111
A51: TBAJ | B51: T | C51: MAYOR METRA | D51: AMN | E51: APA | F51: SDN | G51: STANDART NEW | H51: 45931 | J51: ALFA MAYOR METRA - SRA (RELOKASI ALFA LILIGUNDI) | K51: 41 | L51: HH 100 | Q51: TRAFFIC | R51: RESIDENTIAL | S51: MENENGAH ATAS | T51: Mainstreet | U51: REGULER | V51: 1896 | W51: 61+8 | X51: 219.2877 | Y51: 146.2419 | Z51: 99.96 | AA51: 62.2242 | AB51: 12.9056 | AC51: 21.7581 | AD51: KECIL | AE51: LT1 | AF51: 0.29166667 | AG51: 0.95833333 | AH51: 2DS | AI51: G034 | AJ51: Liligundi | AK51: BULELENG | AL51: BULELENG | AM51: Jl. Mayor Metra No.12,Buleleng - Singaraja | AN51: BALI | AO51: S8 07 33.1 E115 05 50.3 | AP51: 81139002294 | AQ51: 39990 | AR51: 206 | AS51: 01/06/2015, 01/06/2020 | AT51: 03/07/2025 - 10/07/2025 | AU51: TANPA TUTUP | AV51: 14993694 | AW51: 54.9 | AX51: 81119 | AY51: TLA4, FZ4Z
A52: FROK | B52: F | C52: BLAHKIUH | D52: IWS | E52: LAO | F52: SDS | G52: STANDART | J52: ALFA BLAHKIUH | K52: 150 | L52: HH 100 | Q52: RESIDENTIAL | R52: TRAFFIC | S52: MENENGAH ATAS | T52: Mainstreet | U52: FRANCHISE | V52: 1815 | W52: 63+8 | X52: 238.9404 | Y52: 166.1328 | Z52: 106.743 | AA52: 61.824 | AB52: 7.728 | AC52: 35.145 | AD52: SEDANG | AE52: LT1 | AF52: 0.29166667 | AG52: 0.91666667 | AH52: 2DS | AI52: G034 | AJ52: Blahkiuh | AK52: ABIANSEMAL | AL52: BADUNG | AM52: Jl. Ciung Wanara, Badung - Bali | AN52: BALI | AO52: S8 31 08.2 E115 12 34.9 | AP52: 81139001237 | AQ52: 39994 | AR52: 205 | AS52: 42583 | AT52: 10/06/2021 - 04/07/2021 | AU52: 23/06/2021 - 03/07/2021 | AV52: 13300000 | AW52: 7 | AX52: 80352 | AY52: TAL0
A53: TAL5 | B53: T | C53: FRESH PULAU KAWE | D53: MTA | E53: SNI | F53: MFF | G53: FRESH | H53: 44467 | I53: 44467 | J53: ALFA PULAU KAWE UTARA - DPS | K53: 70 | L53: HH 100 | N53: OK | O53: OK | P53: OK | Q53: RESIDENTIAL | R53: TRAFFIC | S53: MENENGAH ATAS | T53: Mainstreet (ICON) | U53: REGULER | V53: 1871 | W53: 78+10 | X53: 374.6958 | Y53: 233.6578 | Z53: 182.5568 | AA53: 127.4 | AB53: 7.95 | AC53: 219.4384 | AD53: BESAR | AE53: LT2 | AF53: 0 | AG53: 0.99930556 | AH53: 1DS | AI53: G034 | AJ53: Dauh Puri Kelod | AK53: DENPASAR BARAT | AL53: DENPASAR | AM53: Jl Pulau Kawe no.12 Denpasar - Bali | AN53: BALI | AO53: S8 40 40.0 E115 12 23.9 | AP53: 81139607356 | AQ53: 40024 | AR53: 204 | AT53: 04/09/2021 - 28/09/2021 | AU53: TANPA TUTUP | AV53: 39344161 | AW53: 31.2 | AX53: 80114
A54: FE70 | B54: F | C54: TAMAN GRIYA | D54: REN | E54: MIL | F54: SDS | G54: STANDART | J54: ALFA KORI NUANSA - BDG | K54: 250 | L54: HC 400 | Q54: RESIDENTIAL | R54: TRAFFIC | S54: MENENGAH ATAS | T54: Mainstreet | U54: FRANCHISE | V54: 1463 | W54: 64+8 | X54: 240.7 | Y54: 175.7 | Z54: 115.139 | AA54: 53.35 | AB54: 19.4 | AC54: 26.532 | AD54: KECIL | AE54: LT1 | AF54: 0.29166667 | AG54: 0.95833333 | AH54: 2DS | AI54: G288 | AJ54: Jimbaran | AK54: KUTA SELATAN | AL54: BADUNG | AM54: Jl. Nuansa Utama No. ,Badung - bali | AN54: BALI | AO54: S8 47 59.0 E115 11 07.1 | AP54: 81139008439 | AQ54: 40025 | AR54: 204 | AT54: 03/08/2024 - 22/08/2024 | AU54: 01/08/2024 - 28/08/2024 | AV54: 6971632 | AW54: 40.4 | AX54: 80362
A55: T0AL | B55: T | C55: AHMAD YANI | D55: MAS | E55: JPT | F55: SDN | G55: STANDART NEW | H55: 45632 | J55: ALFA TOKO KIRANA - DPS | K55: 120 | L55: HH 100 | N55: OK | O55: OK | Q55: RESIDENTIAL | R55: TRAFFIC | S55: MENENGAH ATAS | T55: Mainstreet | U55: REGULER | V55: 1978 | W55: 64+8 | X55: 256.4552 | Y55: 179.0216 | Z55: 152.9072 | AA55: 64.1604 | AB55: 13.472 | AC55: 127.6704 | AD55: BESAR | AE55: LT2 | AF55: 0 | AG55: 0.99930556 | AH55: 2DS | AI55: G034 | AJ55: Peguyangan | AK55: DENPASAR UTARA | AL55: DENPASAR | AM55: Jl .Ahmad Yani No.229 B-C ,Denpasar - Bali | AN55: BALI | AO55: S8 37 29.6 E115 12 30.5 | AP55: 81139002524 | AQ55: 40053 | AR55: 204 | AT55: 06/01/2026 - 20/01/2026 | AU55: TANPA TUTUP | AV55: 29586685 | AW55: 15 | AX55: 80115
A56: T1AL | B56: T | C56: PADANG LUWIH | D56: BAS | E56: THR | F56: SDS | G56: STANDART | H56: 43771 | I56: 43771 | J56: ALFA PADANG LUWIH DALUNG | K56: 100 | L56: HH 100 | P56: OK | Q56: RESIDENTIAL | R56: TRAFFIC | S56: MENENGAH ATAS | T56: Mainstreet (ICON) | U56: REGULER | V56: 1205 | W56: 57+8 | X56: 203.796 | Y56: 123.012 | Z56: 114.345 | AA56: 69.498 | AB56: 8.91 | AC56: 116.424 | AD56: BESAR | AE56: LT2 | AF56: 0 | AG56: 0.99930556 | AH56: 2DS | AI56: G034 | AJ56: Dalung | AK56: KUTA UTARA | AL56: BADUNG | AM56: Jl. Padang Luwih No. ,Badung - Bali | AN56: BALI | AO56: S8 38 07.1 E115 10 31.8 | AP56: 81139000812 | AQ56: 40074 | AR56: 203 | AT56: 12/10/2019 - 02/11/2019 | AU56: 23/10/2019 - 01/11/2019 | AV56: 15225552 | AW56: 18.4 | AX56: 80363
A57: T3AL | B57: T | C57: TUKAD BANYUSARI | D57: ANT | E57: DTO | F57: SDN | G57: STANDART NEW | H57: 45788 | J57: ALFA TUKAD BANYUSARI - DPS | K57: 57 | L57: HH 100 | N57: OK | Q57: RESIDENTIAL | R57: TRAFFIC | S57: MENENGAH ATAS | T57: Mainstreet | U57: REGULER | V57: 1221 | W57: 63+8 | X57: 345.3978 | Y57: 200.8168 | Z57: 158.5296 | AA57: 142.136 | AB57: 34.88 | AC57: 195.6008 | AD57: BESAR | AE57: LT2 | AF57: 0.29166667 | AG57: 0.91666667 | AH57: 2DS | AI57: G288 | AJ57: Panjer | AK57: DENPASAR SELATAN | AL57: DENPASAR | AM57: Jl.Tukad Banyusari No. ,Denpasar - Bali | AN57: BALI | AO57: S8 40 41.8 E115 13 00.8 | AP57: 81139002213 | AQ57: 40085 | AR57: 202 | AT57: 15/01/2020 - 01/02/2020 | AU57: 22/01/2020 - 31/01/2020 | AV57: 23398008 | AW57: 26.4 | AX57: 80225
